[STAGE] cli parsing
[DEBUG] cli resolution=64x64x64
[DEBUG] cli steps=400
[DEBUG] cli save_interval=40
[DEBUG] cli output_dir=/gscratch/amath/diwenxu/fire_pfm/ofm_dynamic/proj/dynamic_obstacle_headless/outputs
[DEBUG] cli plume_strength=0.08
[DEBUG] cli plume_radius=0.08
[DEBUG] cli swirl_strength=0.02
[DEBUG] cli device=0
[DEBUG] before constructing OFM
[STAGE] before constructing OFM
[DEBUG] after constructing OFM
resolution: 64x64x64
cfg.tile_dim: 8x8x8
solver.tile_dim_ before InitOFMAsync: 8x8x8
[STAGE] before InitOFMAsync
[STAGE] before init cudaStreamSynchronize
[STAGE] after init cudaStreamSynchronize
solver.tile_dim_: 8x8x8
[DEBUG] voxel dims nx/ny/nz=64/64/64
[DEBUG] voxel count=262144
[DEBUG] estimated velocity memory MB=3
[DEBUG] estimated scalar memory MB=1
[OFM Headless] Simulation starts
[OFM Headless] Resolution: 64x64x64
[OFM Headless] tile_dim: 8x8x8
[OFM Headless] dx: 0.015625
[OFM Headless] dt: 0.0333333
[OFM Headless] steps: 400
[OFM Headless] save_interval: 40
[OFM Headless] output_dir: /gscratch/amath/diwenxu/fire_pfm/ofm_dynamic/proj/dynamic_obstacle_headless/outputs
[OFM Headless] RUN_DIR: /gscratch/amath/diwenxu/fire_pfm/ofm_dynamic/proj/dynamic_obstacle_headless/outputs/plume/res64/ps0.08_pr0.08_sw0.02_20260502_082604
[OFM Headless] Vorticity frames:
  /gscratch/amath/diwenxu/fire_pfm/ofm_dynamic/proj/dynamic_obstacle_headless/outputs/plume/res64/ps0.08_pr0.08_sw0.02_20260502_082604/vorticity/frame_%06d.npy
[OFM Headless] Log file path (use shell tee):
  /gscratch/amath/diwenxu/fire_pfm/ofm_dynamic/proj/dynamic_obstacle_headless/outputs/plume/res64/ps0.08_pr0.08_sw0.02_20260502_082604/logs/run.log
[OFM Headless] CUDA device: [0] Quadro RTX 6000
[OFM Headless] plume: on
[OFM Headless] plume_strength: 0.08
[OFM Headless] plume_radius: 0.08
[OFM Headless] swirl_strength: 0.02
[STAGE] before AddPlumeSourceAsync step 0
[DEBUG] plume params strength=0.08 radius_norm=0.08 swirl=0.02
[DEBUG] plume dims nx/ny/nz/count=64/64/64/262144
[DEBUG] plume radius/cx/cy/cz=5.12/32/9.6/32
[STAGE] after AddPlumeSourceAsync step 0
[STAGE] before AdvanceAsync step 0
[DEBUG] before AdvanceAsync
[DEBUG] after AdvanceAsync
[STAGE] after AdvanceAsync step 0
[STAGE] before ReinitAsync step 0
[DEBUG] before ReinitAsync
[DEBUG] after ReinitAsync
[STAGE] after ReinitAsync step 0
[STAGE] before save frame 0
[DEBUG] before cudaStreamSynchronize
[STAGE] before save cudaStreamSynchronize frame 0
[DEBUG] after cudaStreamSynchronize
[STAGE] after save cudaStreamSynchronize frame 0
[DEBUG] save frame=0 path=/gscratch/amath/diwenxu/fire_pfm/ofm_dynamic/proj/dynamic_obstacle_headless/outputs/plume/res64/ps0.08_pr0.08_sw0.02_20260502_082604/vorticity/frame_000000.npy shape=(64,64,64) count=262144 estimated_mb=1
[OFM Headless] Saved vorticity to /gscratch/amath/diwenxu/fire_pfm/ofm_dynamic/proj/dynamic_obstacle_headless/outputs/plume/res64/ps0.08_pr0.08_sw0.02_20260502_082604/vorticity/frame_000000.npy
[STAGE] after save frame 0
[OFM Headless] Step 1 / 400
[STAGE] before UpdateBoundary step 1
[DEBUG] before UpdateBoundary
[DEBUG] after UpdateBoundary
[STAGE] after UpdateBoundary step 1
[STAGE] before AddPlumeSourceAsync step 1
[DEBUG] plume params strength=0.08 radius_norm=0.08 swirl=0.02
[DEBUG] plume dims nx/ny/nz/count=64/64/64/262144
[DEBUG] plume radius/cx/cy/cz=5.12/32/9.6/32
[STAGE] after AddPlumeSourceAsync step 1
[STAGE] before AdvanceAsync step 1
[DEBUG] before AdvanceAsync
[DEBUG] after AdvanceAsync
[STAGE] after AdvanceAsync step 1
[STAGE] before ReinitAsync step 1
[DEBUG] before ReinitAsync
[DEBUG] after ReinitAsync
[STAGE] after ReinitAsync step 1
[STAGE] before UpdateBoundary step 2
[DEBUG] before UpdateBoundary
[DEBUG] after UpdateBoundary
[STAGE] after UpdateBoundary step 2
[STAGE] before AddPlumeSourceAsync step 2
[DEBUG] plume params strength=0.08 radius_norm=0.08 swirl=0.02
[DEBUG] plume dims nx/ny/nz/count=64/64/64/262144
[DEBUG] plume radius/cx/cy/cz=5.12/32/9.6/32
[STAGE] after AddPlumeSourceAsync step 2
[STAGE] before AdvanceAsync step 2
[DEBUG] before AdvanceAsync
[DEBUG] after AdvanceAsync
[STAGE] after AdvanceAsync step 2
[STAGE] before ReinitAsync step 2
[DEBUG] before ReinitAsync
[DEBUG] after ReinitAsync
[STAGE] after ReinitAsync step 2
[STAGE] before UpdateBoundary step 3
[DEBUG] before UpdateBoundary
[DEBUG] after UpdateBoundary
[STAGE] after UpdateBoundary step 3
[STAGE] before AddPlumeSourceAsync step 3
[DEBUG] plume params strength=0.08 radius_norm=0.08 swirl=0.02
[DEBUG] plume dims nx/ny/nz/count=64/64/64/262144
[DEBUG] plume radius/cx/cy/cz=5.12/32/9.6/32
[STAGE] after AddPlumeSourceAsync step 3
[STAGE] before AdvanceAsync step 3
[DEBUG] before AdvanceAsync
[DEBUG] after AdvanceAsync
[STAGE] after AdvanceAsync step 3
[STAGE] before ReinitAsync step 3
[DEBUG] before ReinitAsync
[DEBUG] after ReinitAsync
[STAGE] after ReinitAsync step 3
[STAGE] before UpdateBoundary step 4
[DEBUG] before UpdateBoundary
[DEBUG] after UpdateBoundary
[STAGE] after UpdateBoundary step 4
[STAGE] before AddPlumeSourceAsync step 4
[DEBUG] plume params strength=0.08 radius_norm=0.08 swirl=0.02
[DEBUG] plume dims nx/ny/nz/count=64/64/64/262144
[DEBUG] plume radius/cx/cy/cz=5.12/32/9.6/32
[STAGE] after AddPlumeSourceAsync step 4
[STAGE] before AdvanceAsync step 4
[DEBUG] before AdvanceAsync
[DEBUG] after AdvanceAsync
[STAGE] after AdvanceAsync step 4
[STAGE] before ReinitAsync step 4
[DEBUG] before ReinitAsync
[DEBUG] after ReinitAsync
[STAGE] after ReinitAsync step 4
[STAGE] before UpdateBoundary step 5
[DEBUG] before UpdateBoundary
[DEBUG] after UpdateBoundary
[STAGE] after UpdateBoundary step 5
[STAGE] before AddPlumeSourceAsync step 5
[DEBUG] plume params strength=0.08 radius_norm=0.08 swirl=0.02
[DEBUG] plume dims nx/ny/nz/count=64/64/64/262144
[DEBUG] plume radius/cx/cy/cz=5.12/32/9.6/32
[STAGE] after AddPlumeSourceAsync step 5
[STAGE] before AdvanceAsync step 5
[DEBUG] before AdvanceAsync
[DEBUG] after AdvanceAsync
[STAGE] after AdvanceAsync step 5
[STAGE] before ReinitAsync step 5
[DEBUG] before ReinitAsync
[DEBUG] after ReinitAsync
[STAGE] after ReinitAsync step 5
[STAGE] before UpdateBoundary step 6
[DEBUG] before UpdateBoundary
[DEBUG] after UpdateBoundary
[STAGE] after UpdateBoundary step 6
[STAGE] before AddPlumeSourceAsync step 6
[DEBUG] plume params strength=0.08 radius_norm=0.08 swirl=0.02
[DEBUG] plume dims nx/ny/nz/count=64/64/64/262144
[DEBUG] plume radius/cx/cy/cz=5.12/32/9.6/32
[STAGE] after AddPlumeSourceAsync step 6
[STAGE] before AdvanceAsync step 6
[DEBUG] before AdvanceAsync
[DEBUG] after AdvanceAsync
[STAGE] after AdvanceAsync step 6
[STAGE] before ReinitAsync step 6
[DEBUG] before ReinitAsync
[DEBUG] after ReinitAsync
[STAGE] after ReinitAsync step 6
[STAGE] before UpdateBoundary step 7
[DEBUG] before UpdateBoundary
[DEBUG] after UpdateBoundary
[STAGE] after UpdateBoundary step 7
[STAGE] before AddPlumeSourceAsync step 7
[DEBUG] plume params strength=0.08 radius_norm=0.08 swirl=0.02
[DEBUG] plume dims nx/ny/nz/count=64/64/64/262144
[DEBUG] plume radius/cx/cy/cz=5.12/32/9.6/32
[STAGE] after AddPlumeSourceAsync step 7
[STAGE] before AdvanceAsync step 7
[DEBUG] before AdvanceAsync
[DEBUG] after AdvanceAsync
[STAGE] after AdvanceAsync step 7
[STAGE] before ReinitAsync step 7
[DEBUG] before ReinitAsync
[DEBUG] after ReinitAsync
[STAGE] after ReinitAsync step 7
[STAGE] before UpdateBoundary step 8
[DEBUG] before UpdateBoundary
[DEBUG] after UpdateBoundary
[STAGE] after UpdateBoundary step 8
[STAGE] before AddPlumeSourceAsync step 8
[DEBUG] plume params strength=0.08 radius_norm=0.08 swirl=0.02
[DEBUG] plume dims nx/ny/nz/count=64/64/64/262144
[DEBUG] plume radius/cx/cy/cz=5.12/32/9.6/32
[STAGE] after AddPlumeSourceAsync step 8
[STAGE] before AdvanceAsync step 8
[DEBUG] before AdvanceAsync
[DEBUG] after AdvanceAsync
[STAGE] after AdvanceAsync step 8
[STAGE] before ReinitAsync step 8
[DEBUG] before ReinitAsync
[DEBUG] after ReinitAsync
[STAGE] after ReinitAsync step 8
[STAGE] before UpdateBoundary step 9
[DEBUG] before UpdateBoundary
[DEBUG] after UpdateBoundary
[STAGE] after UpdateBoundary step 9
[STAGE] before AddPlumeSourceAsync step 9
[DEBUG] plume params strength=0.08 radius_norm=0.08 swirl=0.02
[DEBUG] plume dims nx/ny/nz/count=64/64/64/262144
[DEBUG] plume radius/cx/cy/cz=5.12/32/9.6/32
[STAGE] after AddPlumeSourceAsync step 9
[STAGE] before AdvanceAsync step 9
[DEBUG] before AdvanceAsync
[DEBUG] after AdvanceAsync
[STAGE] after AdvanceAsync step 9
[STAGE] before ReinitAsync step 9
[DEBUG] before ReinitAsync
[DEBUG] after ReinitAsync
[STAGE] after ReinitAsync step 9
[STAGE] before UpdateBoundary step 10
[DEBUG] before UpdateBoundary
[DEBUG] after UpdateBoundary
[STAGE] after UpdateBoundary step 10
[STAGE] before AddPlumeSourceAsync step 10
[DEBUG] plume params strength=0.08 radius_norm=0.08 swirl=0.02
[DEBUG] plume dims nx/ny/nz/count=64/64/64/262144
[DEBUG] plume radius/cx/cy/cz=5.12/32/9.6/32
[STAGE] after AddPlumeSourceAsync step 10
[STAGE] before AdvanceAsync step 10
[DEBUG] before AdvanceAsync
[DEBUG] after AdvanceAsync
[STAGE] after AdvanceAsync step 10
[STAGE] before ReinitAsync step 10
[DEBUG] before ReinitAsync
[DEBUG] after ReinitAsync
[STAGE] after ReinitAsync step 10
[STAGE] before UpdateBoundary step 11
[DEBUG] before UpdateBoundary
[DEBUG] after UpdateBoundary
[STAGE] after UpdateBoundary step 11
[STAGE] before AddPlumeSourceAsync step 11
[DEBUG] plume params strength=0.08 radius_norm=0.08 swirl=0.02
[DEBUG] plume dims nx/ny/nz/count=64/64/64/262144
[DEBUG] plume radius/cx/cy/cz=5.12/32/9.6/32
[STAGE] after AddPlumeSourceAsync step 11
[STAGE] before AdvanceAsync step 11
[DEBUG] before AdvanceAsync
[DEBUG] after AdvanceAsync
[STAGE] after AdvanceAsync step 11
[STAGE] before ReinitAsync step 11
[DEBUG] before ReinitAsync
[DEBUG] after ReinitAsync
[STAGE] after ReinitAsync step 11
[STAGE] before UpdateBoundary step 12
[DEBUG] before UpdateBoundary
[DEBUG] after UpdateBoundary
[STAGE] after UpdateBoundary step 12
[STAGE] before AddPlumeSourceAsync step 12
[DEBUG] plume params strength=0.08 radius_norm=0.08 swirl=0.02
[DEBUG] plume dims nx/ny/nz/count=64/64/64/262144
[DEBUG] plume radius/cx/cy/cz=5.12/32/9.6/32
[STAGE] after AddPlumeSourceAsync step 12
[STAGE] before AdvanceAsync step 12
[DEBUG] before AdvanceAsync
[DEBUG] after AdvanceAsync
[STAGE] after AdvanceAsync step 12
[STAGE] before ReinitAsync step 12
[DEBUG] before ReinitAsync
[DEBUG] after ReinitAsync
[STAGE] after ReinitAsync step 12
[STAGE] before UpdateBoundary step 13
[DEBUG] before UpdateBoundary
[DEBUG] after UpdateBoundary
[STAGE] after UpdateBoundary step 13
[STAGE] before AddPlumeSourceAsync step 13
[DEBUG] plume params strength=0.08 radius_norm=0.08 swirl=0.02
[DEBUG] plume dims nx/ny/nz/count=64/64/64/262144
[DEBUG] plume radius/cx/cy/cz=5.12/32/9.6/32
[STAGE] after AddPlumeSourceAsync step 13
[STAGE] before AdvanceAsync step 13
[DEBUG] before AdvanceAsync
[DEBUG] after AdvanceAsync
[STAGE] after AdvanceAsync step 13
[STAGE] before ReinitAsync step 13
[DEBUG] before ReinitAsync
[DEBUG] after ReinitAsync
[STAGE] after ReinitAsync step 13
[STAGE] before UpdateBoundary step 14
[DEBUG] before UpdateBoundary
[DEBUG] after UpdateBoundary
[STAGE] after UpdateBoundary step 14
[STAGE] before AddPlumeSourceAsync step 14
[DEBUG] plume params strength=0.08 radius_norm=0.08 swirl=0.02
[DEBUG] plume dims nx/ny/nz/count=64/64/64/262144
[DEBUG] plume radius/cx/cy/cz=5.12/32/9.6/32
[STAGE] after AddPlumeSourceAsync step 14
[STAGE] before AdvanceAsync step 14
[DEBUG] before AdvanceAsync
[DEBUG] after AdvanceAsync
[STAGE] after AdvanceAsync step 14
[STAGE] before ReinitAsync step 14
[DEBUG] before ReinitAsync
[DEBUG] after ReinitAsync
[STAGE] after ReinitAsync step 14
[STAGE] before UpdateBoundary step 15
[DEBUG] before UpdateBoundary
[DEBUG] after UpdateBoundary
[STAGE] after UpdateBoundary step 15
[STAGE] before AddPlumeSourceAsync step 15
[DEBUG] plume params strength=0.08 radius_norm=0.08 swirl=0.02
[DEBUG] plume dims nx/ny/nz/count=64/64/64/262144
[DEBUG] plume radius/cx/cy/cz=5.12/32/9.6/32
[STAGE] after AddPlumeSourceAsync step 15
[STAGE] before AdvanceAsync step 15
[DEBUG] before AdvanceAsync
[DEBUG] after AdvanceAsync
[STAGE] after AdvanceAsync step 15
[STAGE] before ReinitAsync step 15
[DEBUG] before ReinitAsync
[DEBUG] after ReinitAsync
[STAGE] after ReinitAsync step 15
[STAGE] before UpdateBoundary step 16
[DEBUG] before UpdateBoundary
[DEBUG] after UpdateBoundary
[STAGE] after UpdateBoundary step 16
[STAGE] before AddPlumeSourceAsync step 16
[DEBUG] plume params strength=0.08 radius_norm=0.08 swirl=0.02
[DEBUG] plume dims nx/ny/nz/count=64/64/64/262144
[DEBUG] plume radius/cx/cy/cz=5.12/32/9.6/32
[STAGE] after AddPlumeSourceAsync step 16
[STAGE] before AdvanceAsync step 16
[DEBUG] before AdvanceAsync
[DEBUG] after AdvanceAsync
[STAGE] after AdvanceAsync step 16
[STAGE] before ReinitAsync step 16
[DEBUG] before ReinitAsync
[DEBUG] after ReinitAsync
[STAGE] after ReinitAsync step 16
[STAGE] before UpdateBoundary step 17
[DEBUG] before UpdateBoundary
[DEBUG] after UpdateBoundary
[STAGE] after UpdateBoundary step 17
[STAGE] before AddPlumeSourceAsync step 17
[DEBUG] plume params strength=0.08 radius_norm=0.08 swirl=0.02
[DEBUG] plume dims nx/ny/nz/count=64/64/64/262144
[DEBUG] plume radius/cx/cy/cz=5.12/32/9.6/32
[STAGE] after AddPlumeSourceAsync step 17
[STAGE] before AdvanceAsync step 17
[DEBUG] before AdvanceAsync
[DEBUG] after AdvanceAsync
[STAGE] after AdvanceAsync step 17
[STAGE] before ReinitAsync step 17
[DEBUG] before ReinitAsync
[DEBUG] after ReinitAsync
[STAGE] after ReinitAsync step 17
[STAGE] before UpdateBoundary step 18
[DEBUG] before UpdateBoundary
[DEBUG] after UpdateBoundary
[STAGE] after UpdateBoundary step 18
[STAGE] before AddPlumeSourceAsync step 18
[DEBUG] plume params strength=0.08 radius_norm=0.08 swirl=0.02
[DEBUG] plume dims nx/ny/nz/count=64/64/64/262144
[DEBUG] plume radius/cx/cy/cz=5.12/32/9.6/32
[STAGE] after AddPlumeSourceAsync step 18
[STAGE] before AdvanceAsync step 18
[DEBUG] before AdvanceAsync
[DEBUG] after AdvanceAsync
[STAGE] after AdvanceAsync step 18
[STAGE] before ReinitAsync step 18
[DEBUG] before ReinitAsync
[DEBUG] after ReinitAsync
[STAGE] after ReinitAsync step 18
[STAGE] before UpdateBoundary step 19
[DEBUG] before UpdateBoundary
[DEBUG] after UpdateBoundary
[STAGE] after UpdateBoundary step 19
[STAGE] before AddPlumeSourceAsync step 19
[DEBUG] plume params strength=0.08 radius_norm=0.08 swirl=0.02
[DEBUG] plume dims nx/ny/nz/count=64/64/64/262144
[DEBUG] plume radius/cx/cy/cz=5.12/32/9.6/32
[STAGE] after AddPlumeSourceAsync step 19
[STAGE] before AdvanceAsync step 19
[DEBUG] before AdvanceAsync
[DEBUG] after AdvanceAsync
[STAGE] after AdvanceAsync step 19
[STAGE] before ReinitAsync step 19
[DEBUG] before ReinitAsync
[DEBUG] after ReinitAsync
[STAGE] after ReinitAsync step 19
[STAGE] before UpdateBoundary step 20
[DEBUG] before UpdateBoundary
[DEBUG] after UpdateBoundary
[STAGE] after UpdateBoundary step 20
[STAGE] before AddPlumeSourceAsync step 20
[DEBUG] plume params strength=0.08 radius_norm=0.08 swirl=0.02
[DEBUG] plume dims nx/ny/nz/count=64/64/64/262144
[DEBUG] plume radius/cx/cy/cz=5.12/32/9.6/32
[STAGE] after AddPlumeSourceAsync step 20
[STAGE] before AdvanceAsync step 20
[DEBUG] before AdvanceAsync
[DEBUG] after AdvanceAsync
[STAGE] after AdvanceAsync step 20
[STAGE] before ReinitAsync step 20
[DEBUG] before ReinitAsync
[DEBUG] after ReinitAsync
[STAGE] after ReinitAsync step 20
[STAGE] before UpdateBoundary step 21
[DEBUG] before UpdateBoundary
[DEBUG] after UpdateBoundary
[STAGE] after UpdateBoundary step 21
[STAGE] before AddPlumeSourceAsync step 21
[DEBUG] plume params strength=0.08 radius_norm=0.08 swirl=0.02
[DEBUG] plume dims nx/ny/nz/count=64/64/64/262144
[DEBUG] plume radius/cx/cy/cz=5.12/32/9.6/32
[STAGE] after AddPlumeSourceAsync step 21
[STAGE] before AdvanceAsync step 21
[DEBUG] before AdvanceAsync
[DEBUG] after AdvanceAsync
[STAGE] after AdvanceAsync step 21
[STAGE] before ReinitAsync step 21
[DEBUG] before ReinitAsync
[DEBUG] after ReinitAsync
[STAGE] after ReinitAsync step 21
[STAGE] before UpdateBoundary step 22
[DEBUG] before UpdateBoundary
[DEBUG] after UpdateBoundary
[STAGE] after UpdateBoundary step 22
[STAGE] before AddPlumeSourceAsync step 22
[DEBUG] plume params strength=0.08 radius_norm=0.08 swirl=0.02
[DEBUG] plume dims nx/ny/nz/count=64/64/64/262144
[DEBUG] plume radius/cx/cy/cz=5.12/32/9.6/32
[STAGE] after AddPlumeSourceAsync step 22
[STAGE] before AdvanceAsync step 22
[DEBUG] before AdvanceAsync
[DEBUG] after AdvanceAsync
[STAGE] after AdvanceAsync step 22
[STAGE] before ReinitAsync step 22
[DEBUG] before ReinitAsync
[DEBUG] after ReinitAsync
[STAGE] after ReinitAsync step 22
[STAGE] before UpdateBoundary step 23
[DEBUG] before UpdateBoundary
[DEBUG] after UpdateBoundary
[STAGE] after UpdateBoundary step 23
[STAGE] before AddPlumeSourceAsync step 23
[DEBUG] plume params strength=0.08 radius_norm=0.08 swirl=0.02
[DEBUG] plume dims nx/ny/nz/count=64/64/64/262144
[DEBUG] plume radius/cx/cy/cz=5.12/32/9.6/32
[STAGE] after AddPlumeSourceAsync step 23
[STAGE] before AdvanceAsync step 23
[DEBUG] before AdvanceAsync
[DEBUG] after AdvanceAsync
[STAGE] after AdvanceAsync step 23
[STAGE] before ReinitAsync step 23
[DEBUG] before ReinitAsync
[DEBUG] after ReinitAsync
[STAGE] after ReinitAsync step 23
[STAGE] before UpdateBoundary step 24
[DEBUG] before UpdateBoundary
[DEBUG] after UpdateBoundary
[STAGE] after UpdateBoundary step 24
[STAGE] before AddPlumeSourceAsync step 24
[DEBUG] plume params strength=0.08 radius_norm=0.08 swirl=0.02
[DEBUG] plume dims nx/ny/nz/count=64/64/64/262144
[DEBUG] plume radius/cx/cy/cz=5.12/32/9.6/32
[STAGE] after AddPlumeSourceAsync step 24
[STAGE] before AdvanceAsync step 24
[DEBUG] before AdvanceAsync
[DEBUG] after AdvanceAsync
[STAGE] after AdvanceAsync step 24
[STAGE] before ReinitAsync step 24
[DEBUG] before ReinitAsync
[DEBUG] after ReinitAsync
[STAGE] after ReinitAsync step 24
[STAGE] before UpdateBoundary step 25
[DEBUG] before UpdateBoundary
[DEBUG] after UpdateBoundary
[STAGE] after UpdateBoundary step 25
[STAGE] before AddPlumeSourceAsync step 25
[DEBUG] plume params strength=0.08 radius_norm=0.08 swirl=0.02
[DEBUG] plume dims nx/ny/nz/count=64/64/64/262144
[DEBUG] plume radius/cx/cy/cz=5.12/32/9.6/32
[STAGE] after AddPlumeSourceAsync step 25
[STAGE] before AdvanceAsync step 25
[DEBUG] before AdvanceAsync
[DEBUG] after AdvanceAsync
[STAGE] after AdvanceAsync step 25
[STAGE] before ReinitAsync step 25
[DEBUG] before ReinitAsync
[DEBUG] after ReinitAsync
[STAGE] after ReinitAsync step 25
[STAGE] before UpdateBoundary step 26
[DEBUG] before UpdateBoundary
[DEBUG] after UpdateBoundary
[STAGE] after UpdateBoundary step 26
[STAGE] before AddPlumeSourceAsync step 26
[DEBUG] plume params strength=0.08 radius_norm=0.08 swirl=0.02
[DEBUG] plume dims nx/ny/nz/count=64/64/64/262144
[DEBUG] plume radius/cx/cy/cz=5.12/32/9.6/32
[STAGE] after AddPlumeSourceAsync step 26
[STAGE] before AdvanceAsync step 26
[DEBUG] before AdvanceAsync
[DEBUG] after AdvanceAsync
[STAGE] after AdvanceAsync step 26
[STAGE] before ReinitAsync step 26
[DEBUG] before ReinitAsync
[DEBUG] after ReinitAsync
[STAGE] after ReinitAsync step 26
[STAGE] before UpdateBoundary step 27
[DEBUG] before UpdateBoundary
[DEBUG] after UpdateBoundary
[STAGE] after UpdateBoundary step 27
[STAGE] before AddPlumeSourceAsync step 27
[DEBUG] plume params strength=0.08 radius_norm=0.08 swirl=0.02
[DEBUG] plume dims nx/ny/nz/count=64/64/64/262144
[DEBUG] plume radius/cx/cy/cz=5.12/32/9.6/32
[STAGE] after AddPlumeSourceAsync step 27
[STAGE] before AdvanceAsync step 27
[DEBUG] before AdvanceAsync
[DEBUG] after AdvanceAsync
[STAGE] after AdvanceAsync step 27
[STAGE] before ReinitAsync step 27
[DEBUG] before ReinitAsync
[DEBUG] after ReinitAsync
[STAGE] after ReinitAsync step 27
[STAGE] before UpdateBoundary step 28
[DEBUG] before UpdateBoundary
[DEBUG] after UpdateBoundary
[STAGE] after UpdateBoundary step 28
[STAGE] before AddPlumeSourceAsync step 28
[DEBUG] plume params strength=0.08 radius_norm=0.08 swirl=0.02
[DEBUG] plume dims nx/ny/nz/count=64/64/64/262144
[DEBUG] plume radius/cx/cy/cz=5.12/32/9.6/32
[STAGE] after AddPlumeSourceAsync step 28
[STAGE] before AdvanceAsync step 28
[DEBUG] before AdvanceAsync
[DEBUG] after AdvanceAsync
[STAGE] after AdvanceAsync step 28
[STAGE] before ReinitAsync step 28
[DEBUG] before ReinitAsync
[DEBUG] after ReinitAsync
[STAGE] after ReinitAsync step 28
[STAGE] before UpdateBoundary step 29
[DEBUG] before UpdateBoundary
[DEBUG] after UpdateBoundary
[STAGE] after UpdateBoundary step 29
[STAGE] before AddPlumeSourceAsync step 29
[DEBUG] plume params strength=0.08 radius_norm=0.08 swirl=0.02
[DEBUG] plume dims nx/ny/nz/count=64/64/64/262144
[DEBUG] plume radius/cx/cy/cz=5.12/32/9.6/32
[STAGE] after AddPlumeSourceAsync step 29
[STAGE] before AdvanceAsync step 29
[DEBUG] before AdvanceAsync
[DEBUG] after AdvanceAsync
[STAGE] after AdvanceAsync step 29
[STAGE] before ReinitAsync step 29
[DEBUG] before ReinitAsync
[DEBUG] after ReinitAsync
[STAGE] after ReinitAsync step 29
[STAGE] before UpdateBoundary step 30
[DEBUG] before UpdateBoundary
[DEBUG] after UpdateBoundary
[STAGE] after UpdateBoundary step 30
[STAGE] before AddPlumeSourceAsync step 30
[DEBUG] plume params strength=0.08 radius_norm=0.08 swirl=0.02
[DEBUG] plume dims nx/ny/nz/count=64/64/64/262144
[DEBUG] plume radius/cx/cy/cz=5.12/32/9.6/32
[STAGE] after AddPlumeSourceAsync step 30
[STAGE] before AdvanceAsync step 30
[DEBUG] before AdvanceAsync
[DEBUG] after AdvanceAsync
[STAGE] after AdvanceAsync step 30
[STAGE] before ReinitAsync step 30
[DEBUG] before ReinitAsync
[DEBUG] after ReinitAsync
[STAGE] after ReinitAsync step 30
[STAGE] before UpdateBoundary step 31
[DEBUG] before UpdateBoundary
[DEBUG] after UpdateBoundary
[STAGE] after UpdateBoundary step 31
[STAGE] before AddPlumeSourceAsync step 31
[DEBUG] plume params strength=0.08 radius_norm=0.08 swirl=0.02
[DEBUG] plume dims nx/ny/nz/count=64/64/64/262144
[DEBUG] plume radius/cx/cy/cz=5.12/32/9.6/32
[STAGE] after AddPlumeSourceAsync step 31
[STAGE] before AdvanceAsync step 31
[DEBUG] before AdvanceAsync
[DEBUG] after AdvanceAsync
[STAGE] after AdvanceAsync step 31
[STAGE] before ReinitAsync step 31
[DEBUG] before ReinitAsync
[DEBUG] after ReinitAsync
[STAGE] after ReinitAsync step 31
[STAGE] before UpdateBoundary step 32
[DEBUG] before UpdateBoundary
[DEBUG] after UpdateBoundary
[STAGE] after UpdateBoundary step 32
[STAGE] before AddPlumeSourceAsync step 32
[DEBUG] plume params strength=0.08 radius_norm=0.08 swirl=0.02
[DEBUG] plume dims nx/ny/nz/count=64/64/64/262144
[DEBUG] plume radius/cx/cy/cz=5.12/32/9.6/32
[STAGE] after AddPlumeSourceAsync step 32
[STAGE] before AdvanceAsync step 32
[DEBUG] before AdvanceAsync
[DEBUG] after AdvanceAsync
[STAGE] after AdvanceAsync step 32
[STAGE] before ReinitAsync step 32
[DEBUG] before ReinitAsync
[DEBUG] after ReinitAsync
[STAGE] after ReinitAsync step 32
[STAGE] before UpdateBoundary step 33
[DEBUG] before UpdateBoundary
[DEBUG] after UpdateBoundary
[STAGE] after UpdateBoundary step 33
[STAGE] before AddPlumeSourceAsync step 33
[DEBUG] plume params strength=0.08 radius_norm=0.08 swirl=0.02
[DEBUG] plume dims nx/ny/nz/count=64/64/64/262144
[DEBUG] plume radius/cx/cy/cz=5.12/32/9.6/32
[STAGE] after AddPlumeSourceAsync step 33
[STAGE] before AdvanceAsync step 33
[DEBUG] before AdvanceAsync
[DEBUG] after AdvanceAsync
[STAGE] after AdvanceAsync step 33
[STAGE] before ReinitAsync step 33
[DEBUG] before ReinitAsync
[DEBUG] after ReinitAsync
[STAGE] after ReinitAsync step 33
[STAGE] before UpdateBoundary step 34
[DEBUG] before UpdateBoundary
[DEBUG] after UpdateBoundary
[STAGE] after UpdateBoundary step 34
[STAGE] before AddPlumeSourceAsync step 34
[DEBUG] plume params strength=0.08 radius_norm=0.08 swirl=0.02
[DEBUG] plume dims nx/ny/nz/count=64/64/64/262144
[DEBUG] plume radius/cx/cy/cz=5.12/32/9.6/32
[STAGE] after AddPlumeSourceAsync step 34
[STAGE] before AdvanceAsync step 34
[DEBUG] before AdvanceAsync
[DEBUG] after AdvanceAsync
[STAGE] after AdvanceAsync step 34
[STAGE] before ReinitAsync step 34
[DEBUG] before ReinitAsync
[DEBUG] after ReinitAsync
[STAGE] after ReinitAsync step 34
[STAGE] before UpdateBoundary step 35
[DEBUG] before UpdateBoundary
[DEBUG] after UpdateBoundary
[STAGE] after UpdateBoundary step 35
[STAGE] before AddPlumeSourceAsync step 35
[DEBUG] plume params strength=0.08 radius_norm=0.08 swirl=0.02
[DEBUG] plume dims nx/ny/nz/count=64/64/64/262144
[DEBUG] plume radius/cx/cy/cz=5.12/32/9.6/32
[STAGE] after AddPlumeSourceAsync step 35
[STAGE] before AdvanceAsync step 35
[DEBUG] before AdvanceAsync
[DEBUG] after AdvanceAsync
[STAGE] after AdvanceAsync step 35
[STAGE] before ReinitAsync step 35
[DEBUG] before ReinitAsync
[DEBUG] after ReinitAsync
[STAGE] after ReinitAsync step 35
[STAGE] before UpdateBoundary step 36
[DEBUG] before UpdateBoundary
[DEBUG] after UpdateBoundary
[STAGE] after UpdateBoundary step 36
[STAGE] before AddPlumeSourceAsync step 36
[DEBUG] plume params strength=0.08 radius_norm=0.08 swirl=0.02
[DEBUG] plume dims nx/ny/nz/count=64/64/64/262144
[DEBUG] plume radius/cx/cy/cz=5.12/32/9.6/32
[STAGE] after AddPlumeSourceAsync step 36
[STAGE] before AdvanceAsync step 36
[DEBUG] before AdvanceAsync
[DEBUG] after AdvanceAsync
[STAGE] after AdvanceAsync step 36
[STAGE] before ReinitAsync step 36
[DEBUG] before ReinitAsync
[DEBUG] after ReinitAsync
[STAGE] after ReinitAsync step 36
[STAGE] before UpdateBoundary step 37
[DEBUG] before UpdateBoundary
[DEBUG] after UpdateBoundary
[STAGE] after UpdateBoundary step 37
[STAGE] before AddPlumeSourceAsync step 37
[DEBUG] plume params strength=0.08 radius_norm=0.08 swirl=0.02
[DEBUG] plume dims nx/ny/nz/count=64/64/64/262144
[DEBUG] plume radius/cx/cy/cz=5.12/32/9.6/32
[STAGE] after AddPlumeSourceAsync step 37
[STAGE] before AdvanceAsync step 37
[DEBUG] before AdvanceAsync
[DEBUG] after AdvanceAsync
[STAGE] after AdvanceAsync step 37
[STAGE] before ReinitAsync step 37
[DEBUG] before ReinitAsync
[DEBUG] after ReinitAsync
[STAGE] after ReinitAsync step 37
[STAGE] before UpdateBoundary step 38
[DEBUG] before UpdateBoundary
[DEBUG] after UpdateBoundary
[STAGE] after UpdateBoundary step 38
[STAGE] before AddPlumeSourceAsync step 38
[DEBUG] plume params strength=0.08 radius_norm=0.08 swirl=0.02
[DEBUG] plume dims nx/ny/nz/count=64/64/64/262144
[DEBUG] plume radius/cx/cy/cz=5.12/32/9.6/32
[STAGE] after AddPlumeSourceAsync step 38
[STAGE] before AdvanceAsync step 38
[DEBUG] before AdvanceAsync
[DEBUG] after AdvanceAsync
[STAGE] after AdvanceAsync step 38
[STAGE] before ReinitAsync step 38
[DEBUG] before ReinitAsync
[DEBUG] after ReinitAsync
[STAGE] after ReinitAsync step 38
[STAGE] before UpdateBoundary step 39
[DEBUG] before UpdateBoundary
[DEBUG] after UpdateBoundary
[STAGE] after UpdateBoundary step 39
[STAGE] before AddPlumeSourceAsync step 39
[DEBUG] plume params strength=0.08 radius_norm=0.08 swirl=0.02
[DEBUG] plume dims nx/ny/nz/count=64/64/64/262144
[DEBUG] plume radius/cx/cy/cz=5.12/32/9.6/32
[STAGE] after AddPlumeSourceAsync step 39
[STAGE] before AdvanceAsync step 39
[DEBUG] before AdvanceAsync
[DEBUG] after AdvanceAsync
[STAGE] after AdvanceAsync step 39
[STAGE] before ReinitAsync step 39
[DEBUG] before ReinitAsync
[DEBUG] after ReinitAsync
[STAGE] after ReinitAsync step 39
[STAGE] before UpdateBoundary step 40
[DEBUG] before UpdateBoundary
[DEBUG] after UpdateBoundary
[STAGE] after UpdateBoundary step 40
[STAGE] before AddPlumeSourceAsync step 40
[DEBUG] plume params strength=0.08 radius_norm=0.08 swirl=0.02
[DEBUG] plume dims nx/ny/nz/count=64/64/64/262144
[DEBUG] plume radius/cx/cy/cz=5.12/32/9.6/32
[STAGE] after AddPlumeSourceAsync step 40
[STAGE] before AdvanceAsync step 40
[DEBUG] before AdvanceAsync
[DEBUG] after AdvanceAsync
[STAGE] after AdvanceAsync step 40
[STAGE] before ReinitAsync step 40
[DEBUG] before ReinitAsync
[DEBUG] after ReinitAsync
[STAGE] after ReinitAsync step 40
[STAGE] before save frame 40
[DEBUG] before cudaStreamSynchronize
[STAGE] before save cudaStreamSynchronize frame 40
[DEBUG] after cudaStreamSynchronize
[STAGE] after save cudaStreamSynchronize frame 40
[DEBUG] save frame=40 path=/gscratch/amath/diwenxu/fire_pfm/ofm_dynamic/proj/dynamic_obstacle_headless/outputs/plume/res64/ps0.08_pr0.08_sw0.02_20260502_082604/vorticity/frame_000040.npy shape=(64,64,64) count=262144 estimated_mb=1
[OFM Headless] Saved vorticity to /gscratch/amath/diwenxu/fire_pfm/ofm_dynamic/proj/dynamic_obstacle_headless/outputs/plume/res64/ps0.08_pr0.08_sw0.02_20260502_082604/vorticity/frame_000040.npy
[STAGE] after save frame 40
[STAGE] before UpdateBoundary step 41
[DEBUG] before UpdateBoundary
[DEBUG] after UpdateBoundary
[STAGE] after UpdateBoundary step 41
[STAGE] before AddPlumeSourceAsync step 41
[DEBUG] plume params strength=0.08 radius_norm=0.08 swirl=0.02
[DEBUG] plume dims nx/ny/nz/count=64/64/64/262144
[DEBUG] plume radius/cx/cy/cz=5.12/32/9.6/32
[STAGE] after AddPlumeSourceAsync step 41
[STAGE] before AdvanceAsync step 41
[DEBUG] before AdvanceAsync
[DEBUG] after AdvanceAsync
[STAGE] after AdvanceAsync step 41
[STAGE] before ReinitAsync step 41
[DEBUG] before ReinitAsync
[DEBUG] after ReinitAsync
[STAGE] after ReinitAsync step 41
[STAGE] before UpdateBoundary step 42
[DEBUG] before UpdateBoundary
[DEBUG] after UpdateBoundary
[STAGE] after UpdateBoundary step 42
[STAGE] before AddPlumeSourceAsync step 42
[DEBUG] plume params strength=0.08 radius_norm=0.08 swirl=0.02
[DEBUG] plume dims nx/ny/nz/count=64/64/64/262144
[DEBUG] plume radius/cx/cy/cz=5.12/32/9.6/32
[STAGE] after AddPlumeSourceAsync step 42
[STAGE] before AdvanceAsync step 42
[DEBUG] before AdvanceAsync
[DEBUG] after AdvanceAsync
[STAGE] after AdvanceAsync step 42
[STAGE] before ReinitAsync step 42
[DEBUG] before ReinitAsync
[DEBUG] after ReinitAsync
[STAGE] after ReinitAsync step 42
[STAGE] before UpdateBoundary step 43
[DEBUG] before UpdateBoundary
[DEBUG] after UpdateBoundary
[STAGE] after UpdateBoundary step 43
[STAGE] before AddPlumeSourceAsync step 43
[DEBUG] plume params strength=0.08 radius_norm=0.08 swirl=0.02
[DEBUG] plume dims nx/ny/nz/count=64/64/64/262144
[DEBUG] plume radius/cx/cy/cz=5.12/32/9.6/32
[STAGE] after AddPlumeSourceAsync step 43
[STAGE] before AdvanceAsync step 43
[DEBUG] before AdvanceAsync
[DEBUG] after AdvanceAsync
[STAGE] after AdvanceAsync step 43
[STAGE] before ReinitAsync step 43
[DEBUG] before ReinitAsync
[DEBUG] after ReinitAsync
[STAGE] after ReinitAsync step 43
[STAGE] before UpdateBoundary step 44
[DEBUG] before UpdateBoundary
[DEBUG] after UpdateBoundary
[STAGE] after UpdateBoundary step 44
[STAGE] before AddPlumeSourceAsync step 44
[DEBUG] plume params strength=0.08 radius_norm=0.08 swirl=0.02
[DEBUG] plume dims nx/ny/nz/count=64/64/64/262144
[DEBUG] plume radius/cx/cy/cz=5.12/32/9.6/32
[STAGE] after AddPlumeSourceAsync step 44
[STAGE] before AdvanceAsync step 44
[DEBUG] before AdvanceAsync
[DEBUG] after AdvanceAsync
[STAGE] after AdvanceAsync step 44
[STAGE] before ReinitAsync step 44
[DEBUG] before ReinitAsync
[DEBUG] after ReinitAsync
[STAGE] after ReinitAsync step 44
[STAGE] before UpdateBoundary step 45
[DEBUG] before UpdateBoundary
[DEBUG] after UpdateBoundary
[STAGE] after UpdateBoundary step 45
[STAGE] before AddPlumeSourceAsync step 45
[DEBUG] plume params strength=0.08 radius_norm=0.08 swirl=0.02
[DEBUG] plume dims nx/ny/nz/count=64/64/64/262144
[DEBUG] plume radius/cx/cy/cz=5.12/32/9.6/32
[STAGE] after AddPlumeSourceAsync step 45
[STAGE] before AdvanceAsync step 45
[DEBUG] before AdvanceAsync
[DEBUG] after AdvanceAsync
[STAGE] after AdvanceAsync step 45
[STAGE] before ReinitAsync step 45
[DEBUG] before ReinitAsync
[DEBUG] after ReinitAsync
[STAGE] after ReinitAsync step 45
[STAGE] before UpdateBoundary step 46
[DEBUG] before UpdateBoundary
[DEBUG] after UpdateBoundary
[STAGE] after UpdateBoundary step 46
[STAGE] before AddPlumeSourceAsync step 46
[DEBUG] plume params strength=0.08 radius_norm=0.08 swirl=0.02
[DEBUG] plume dims nx/ny/nz/count=64/64/64/262144
[DEBUG] plume radius/cx/cy/cz=5.12/32/9.6/32
[STAGE] after AddPlumeSourceAsync step 46
[STAGE] before AdvanceAsync step 46
[DEBUG] before AdvanceAsync
[DEBUG] after AdvanceAsync
[STAGE] after AdvanceAsync step 46
[STAGE] before ReinitAsync step 46
[DEBUG] before ReinitAsync
[DEBUG] after ReinitAsync
[STAGE] after ReinitAsync step 46
[STAGE] before UpdateBoundary step 47
[DEBUG] before UpdateBoundary
[DEBUG] after UpdateBoundary
[STAGE] after UpdateBoundary step 47
[STAGE] before AddPlumeSourceAsync step 47
[DEBUG] plume params strength=0.08 radius_norm=0.08 swirl=0.02
[DEBUG] plume dims nx/ny/nz/count=64/64/64/262144
[DEBUG] plume radius/cx/cy/cz=5.12/32/9.6/32
[STAGE] after AddPlumeSourceAsync step 47
[STAGE] before AdvanceAsync step 47
[DEBUG] before AdvanceAsync
[DEBUG] after AdvanceAsync
[STAGE] after AdvanceAsync step 47
[STAGE] before ReinitAsync step 47
[DEBUG] before ReinitAsync
[DEBUG] after ReinitAsync
[STAGE] after ReinitAsync step 47
[STAGE] before UpdateBoundary step 48
[DEBUG] before UpdateBoundary
[DEBUG] after UpdateBoundary
[STAGE] after UpdateBoundary step 48
[STAGE] before AddPlumeSourceAsync step 48
[DEBUG] plume params strength=0.08 radius_norm=0.08 swirl=0.02
[DEBUG] plume dims nx/ny/nz/count=64/64/64/262144
[DEBUG] plume radius/cx/cy/cz=5.12/32/9.6/32
[STAGE] after AddPlumeSourceAsync step 48
[STAGE] before AdvanceAsync step 48
[DEBUG] before AdvanceAsync
[DEBUG] after AdvanceAsync
[STAGE] after AdvanceAsync step 48
[STAGE] before ReinitAsync step 48
[DEBUG] before ReinitAsync
[DEBUG] after ReinitAsync
[STAGE] after ReinitAsync step 48
[STAGE] before UpdateBoundary step 49
[DEBUG] before UpdateBoundary
[DEBUG] after UpdateBoundary
[STAGE] after UpdateBoundary step 49
[STAGE] before AddPlumeSourceAsync step 49
[DEBUG] plume params strength=0.08 radius_norm=0.08 swirl=0.02
[DEBUG] plume dims nx/ny/nz/count=64/64/64/262144
[DEBUG] plume radius/cx/cy/cz=5.12/32/9.6/32
[STAGE] after AddPlumeSourceAsync step 49
[STAGE] before AdvanceAsync step 49
[DEBUG] before AdvanceAsync
[DEBUG] after AdvanceAsync
[STAGE] after AdvanceAsync step 49
[STAGE] before ReinitAsync step 49
[DEBUG] before ReinitAsync
[DEBUG] after ReinitAsync
[STAGE] after ReinitAsync step 49
[STAGE] before UpdateBoundary step 50
[DEBUG] before UpdateBoundary
[DEBUG] after UpdateBoundary
[STAGE] after UpdateBoundary step 50
[STAGE] before AddPlumeSourceAsync step 50
[DEBUG] plume params strength=0.08 radius_norm=0.08 swirl=0.02
[DEBUG] plume dims nx/ny/nz/count=64/64/64/262144
[DEBUG] plume radius/cx/cy/cz=5.12/32/9.6/32
[STAGE] after AddPlumeSourceAsync step 50
[STAGE] before AdvanceAsync step 50
[DEBUG] before AdvanceAsync
[DEBUG] after AdvanceAsync
[STAGE] after AdvanceAsync step 50
[STAGE] before ReinitAsync step 50
[DEBUG] before ReinitAsync
[DEBUG] after ReinitAsync
[STAGE] after ReinitAsync step 50
[OFM Headless] Step 51 / 400
[STAGE] before UpdateBoundary step 51
[DEBUG] before UpdateBoundary
[DEBUG] after UpdateBoundary
[STAGE] after UpdateBoundary step 51
[STAGE] before AddPlumeSourceAsync step 51
[DEBUG] plume params strength=0.08 radius_norm=0.08 swirl=0.02
[DEBUG] plume dims nx/ny/nz/count=64/64/64/262144
[DEBUG] plume radius/cx/cy/cz=5.12/32/9.6/32
[STAGE] after AddPlumeSourceAsync step 51
[STAGE] before AdvanceAsync step 51
[DEBUG] before AdvanceAsync
[DEBUG] after AdvanceAsync
[STAGE] after AdvanceAsync step 51
[STAGE] before ReinitAsync step 51
[DEBUG] before ReinitAsync
[DEBUG] after ReinitAsync
[STAGE] after ReinitAsync step 51
[STAGE] before UpdateBoundary step 52
[DEBUG] before UpdateBoundary
[DEBUG] after UpdateBoundary
[STAGE] after UpdateBoundary step 52
[STAGE] before AddPlumeSourceAsync step 52
[DEBUG] plume params strength=0.08 radius_norm=0.08 swirl=0.02
[DEBUG] plume dims nx/ny/nz/count=64/64/64/262144
[DEBUG] plume radius/cx/cy/cz=5.12/32/9.6/32
[STAGE] after AddPlumeSourceAsync step 52
[STAGE] before AdvanceAsync step 52
[DEBUG] before AdvanceAsync
[DEBUG] after AdvanceAsync
[STAGE] after AdvanceAsync step 52
[STAGE] before ReinitAsync step 52
[DEBUG] before ReinitAsync
[DEBUG] after ReinitAsync
[STAGE] after ReinitAsync step 52
[STAGE] before UpdateBoundary step 53
[DEBUG] before UpdateBoundary
[DEBUG] after UpdateBoundary
[STAGE] after UpdateBoundary step 53
[STAGE] before AddPlumeSourceAsync step 53
[DEBUG] plume params strength=0.08 radius_norm=0.08 swirl=0.02
[DEBUG] plume dims nx/ny/nz/count=64/64/64/262144
[DEBUG] plume radius/cx/cy/cz=5.12/32/9.6/32
[STAGE] after AddPlumeSourceAsync step 53
[STAGE] before AdvanceAsync step 53
[DEBUG] before AdvanceAsync
[DEBUG] after AdvanceAsync
[STAGE] after AdvanceAsync step 53
[STAGE] before ReinitAsync step 53
[DEBUG] before ReinitAsync
[DEBUG] after ReinitAsync
[STAGE] after ReinitAsync step 53
[STAGE] before UpdateBoundary step 54
[DEBUG] before UpdateBoundary
[DEBUG] after UpdateBoundary
[STAGE] after UpdateBoundary step 54
[STAGE] before AddPlumeSourceAsync step 54
[DEBUG] plume params strength=0.08 radius_norm=0.08 swirl=0.02
[DEBUG] plume dims nx/ny/nz/count=64/64/64/262144
[DEBUG] plume radius/cx/cy/cz=5.12/32/9.6/32
[STAGE] after AddPlumeSourceAsync step 54
[STAGE] before AdvanceAsync step 54
[DEBUG] before AdvanceAsync
[DEBUG] after AdvanceAsync
[STAGE] after AdvanceAsync step 54
[STAGE] before ReinitAsync step 54
[DEBUG] before ReinitAsync
[DEBUG] after ReinitAsync
[STAGE] after ReinitAsync step 54
[STAGE] before UpdateBoundary step 55
[DEBUG] before UpdateBoundary
[DEBUG] after UpdateBoundary
[STAGE] after UpdateBoundary step 55
[STAGE] before AddPlumeSourceAsync step 55
[DEBUG] plume params strength=0.08 radius_norm=0.08 swirl=0.02
[DEBUG] plume dims nx/ny/nz/count=64/64/64/262144
[DEBUG] plume radius/cx/cy/cz=5.12/32/9.6/32
[STAGE] after AddPlumeSourceAsync step 55
[STAGE] before AdvanceAsync step 55
[DEBUG] before AdvanceAsync
[DEBUG] after AdvanceAsync
[STAGE] after AdvanceAsync step 55
[STAGE] before ReinitAsync step 55
[DEBUG] before ReinitAsync
[DEBUG] after ReinitAsync
[STAGE] after ReinitAsync step 55
[STAGE] before UpdateBoundary step 56
[DEBUG] before UpdateBoundary
[DEBUG] after UpdateBoundary
[STAGE] after UpdateBoundary step 56
[STAGE] before AddPlumeSourceAsync step 56
[DEBUG] plume params strength=0.08 radius_norm=0.08 swirl=0.02
[DEBUG] plume dims nx/ny/nz/count=64/64/64/262144
[DEBUG] plume radius/cx/cy/cz=5.12/32/9.6/32
[STAGE] after AddPlumeSourceAsync step 56
[STAGE] before AdvanceAsync step 56
[DEBUG] before AdvanceAsync
[DEBUG] after AdvanceAsync
[STAGE] after AdvanceAsync step 56
[STAGE] before ReinitAsync step 56
[DEBUG] before ReinitAsync
[DEBUG] after ReinitAsync
[STAGE] after ReinitAsync step 56
[STAGE] before UpdateBoundary step 57
[DEBUG] before UpdateBoundary
[DEBUG] after UpdateBoundary
[STAGE] after UpdateBoundary step 57
[STAGE] before AddPlumeSourceAsync step 57
[DEBUG] plume params strength=0.08 radius_norm=0.08 swirl=0.02
[DEBUG] plume dims nx/ny/nz/count=64/64/64/262144
[DEBUG] plume radius/cx/cy/cz=5.12/32/9.6/32
[STAGE] after AddPlumeSourceAsync step 57
[STAGE] before AdvanceAsync step 57
[DEBUG] before AdvanceAsync
[DEBUG] after AdvanceAsync
[STAGE] after AdvanceAsync step 57
[STAGE] before ReinitAsync step 57
[DEBUG] before ReinitAsync
[DEBUG] after ReinitAsync
[STAGE] after ReinitAsync step 57
[STAGE] before UpdateBoundary step 58
[DEBUG] before UpdateBoundary
[DEBUG] after UpdateBoundary
[STAGE] after UpdateBoundary step 58
[STAGE] before AddPlumeSourceAsync step 58
[DEBUG] plume params strength=0.08 radius_norm=0.08 swirl=0.02
[DEBUG] plume dims nx/ny/nz/count=64/64/64/262144
[DEBUG] plume radius/cx/cy/cz=5.12/32/9.6/32
[STAGE] after AddPlumeSourceAsync step 58
[STAGE] before AdvanceAsync step 58
[DEBUG] before AdvanceAsync
[DEBUG] after AdvanceAsync
[STAGE] after AdvanceAsync step 58
[STAGE] before ReinitAsync step 58
[DEBUG] before ReinitAsync
[DEBUG] after ReinitAsync
[STAGE] after ReinitAsync step 58
[STAGE] before UpdateBoundary step 59
[DEBUG] before UpdateBoundary
[DEBUG] after UpdateBoundary
[STAGE] after UpdateBoundary step 59
[STAGE] before AddPlumeSourceAsync step 59
[DEBUG] plume params strength=0.08 radius_norm=0.08 swirl=0.02
[DEBUG] plume dims nx/ny/nz/count=64/64/64/262144
[DEBUG] plume radius/cx/cy/cz=5.12/32/9.6/32
[STAGE] after AddPlumeSourceAsync step 59
[STAGE] before AdvanceAsync step 59
[DEBUG] before AdvanceAsync
[DEBUG] after AdvanceAsync
[STAGE] after AdvanceAsync step 59
[STAGE] before ReinitAsync step 59
[DEBUG] before ReinitAsync
[DEBUG] after ReinitAsync
[STAGE] after ReinitAsync step 59
[STAGE] before UpdateBoundary step 60
[DEBUG] before UpdateBoundary
[DEBUG] after UpdateBoundary
[STAGE] after UpdateBoundary step 60
[STAGE] before AddPlumeSourceAsync step 60
[DEBUG] plume params strength=0.08 radius_norm=0.08 swirl=0.02
[DEBUG] plume dims nx/ny/nz/count=64/64/64/262144
[DEBUG] plume radius/cx/cy/cz=5.12/32/9.6/32
[STAGE] after AddPlumeSourceAsync step 60
[STAGE] before AdvanceAsync step 60
[DEBUG] before AdvanceAsync
[DEBUG] after AdvanceAsync
[STAGE] after AdvanceAsync step 60
[STAGE] before ReinitAsync step 60
[DEBUG] before ReinitAsync
[DEBUG] after ReinitAsync
[STAGE] after ReinitAsync step 60
[STAGE] before UpdateBoundary step 61
[DEBUG] before UpdateBoundary
[DEBUG] after UpdateBoundary
[STAGE] after UpdateBoundary step 61
[STAGE] before AddPlumeSourceAsync step 61
[DEBUG] plume params strength=0.08 radius_norm=0.08 swirl=0.02
[DEBUG] plume dims nx/ny/nz/count=64/64/64/262144
[DEBUG] plume radius/cx/cy/cz=5.12/32/9.6/32
[STAGE] after AddPlumeSourceAsync step 61
[STAGE] before AdvanceAsync step 61
[DEBUG] before AdvanceAsync
[DEBUG] after AdvanceAsync
[STAGE] after AdvanceAsync step 61
[STAGE] before ReinitAsync step 61
[DEBUG] before ReinitAsync
[DEBUG] after ReinitAsync
[STAGE] after ReinitAsync step 61
[STAGE] before UpdateBoundary step 62
[DEBUG] before UpdateBoundary
[DEBUG] after UpdateBoundary
[STAGE] after UpdateBoundary step 62
[STAGE] before AddPlumeSourceAsync step 62
[DEBUG] plume params strength=0.08 radius_norm=0.08 swirl=0.02
[DEBUG] plume dims nx/ny/nz/count=64/64/64/262144
[DEBUG] plume radius/cx/cy/cz=5.12/32/9.6/32
[STAGE] after AddPlumeSourceAsync step 62
[STAGE] before AdvanceAsync step 62
[DEBUG] before AdvanceAsync
[DEBUG] after AdvanceAsync
[STAGE] after AdvanceAsync step 62
[STAGE] before ReinitAsync step 62
[DEBUG] before ReinitAsync
[DEBUG] after ReinitAsync
[STAGE] after ReinitAsync step 62
[STAGE] before UpdateBoundary step 63
[DEBUG] before UpdateBoundary
[DEBUG] after UpdateBoundary
[STAGE] after UpdateBoundary step 63
[STAGE] before AddPlumeSourceAsync step 63
[DEBUG] plume params strength=0.08 radius_norm=0.08 swirl=0.02
[DEBUG] plume dims nx/ny/nz/count=64/64/64/262144
[DEBUG] plume radius/cx/cy/cz=5.12/32/9.6/32
[STAGE] after AddPlumeSourceAsync step 63
[STAGE] before AdvanceAsync step 63
[DEBUG] before AdvanceAsync
[DEBUG] after AdvanceAsync
[STAGE] after AdvanceAsync step 63
[STAGE] before ReinitAsync step 63
[DEBUG] before ReinitAsync
[DEBUG] after ReinitAsync
[STAGE] after ReinitAsync step 63
[STAGE] before UpdateBoundary step 64
[DEBUG] before UpdateBoundary
[DEBUG] after UpdateBoundary
[STAGE] after UpdateBoundary step 64
[STAGE] before AddPlumeSourceAsync step 64
[DEBUG] plume params strength=0.08 radius_norm=0.08 swirl=0.02
[DEBUG] plume dims nx/ny/nz/count=64/64/64/262144
[DEBUG] plume radius/cx/cy/cz=5.12/32/9.6/32
[STAGE] after AddPlumeSourceAsync step 64
[STAGE] before AdvanceAsync step 64
[DEBUG] before AdvanceAsync
[DEBUG] after AdvanceAsync
[STAGE] after AdvanceAsync step 64
[STAGE] before ReinitAsync step 64
[DEBUG] before ReinitAsync
[DEBUG] after ReinitAsync
[STAGE] after ReinitAsync step 64
[STAGE] before UpdateBoundary step 65
[DEBUG] before UpdateBoundary
[DEBUG] after UpdateBoundary
[STAGE] after UpdateBoundary step 65
[STAGE] before AddPlumeSourceAsync step 65
[DEBUG] plume params strength=0.08 radius_norm=0.08 swirl=0.02
[DEBUG] plume dims nx/ny/nz/count=64/64/64/262144
[DEBUG] plume radius/cx/cy/cz=5.12/32/9.6/32
[STAGE] after AddPlumeSourceAsync step 65
[STAGE] before AdvanceAsync step 65
[DEBUG] before AdvanceAsync
[DEBUG] after AdvanceAsync
[STAGE] after AdvanceAsync step 65
[STAGE] before ReinitAsync step 65
[DEBUG] before ReinitAsync
[DEBUG] after ReinitAsync
[STAGE] after ReinitAsync step 65
[STAGE] before UpdateBoundary step 66
[DEBUG] before UpdateBoundary
[DEBUG] after UpdateBoundary
[STAGE] after UpdateBoundary step 66
[STAGE] before AddPlumeSourceAsync step 66
[DEBUG] plume params strength=0.08 radius_norm=0.08 swirl=0.02
[DEBUG] plume dims nx/ny/nz/count=64/64/64/262144
[DEBUG] plume radius/cx/cy/cz=5.12/32/9.6/32
[STAGE] after AddPlumeSourceAsync step 66
[STAGE] before AdvanceAsync step 66
[DEBUG] before AdvanceAsync
[DEBUG] after AdvanceAsync
[STAGE] after AdvanceAsync step 66
[STAGE] before ReinitAsync step 66
[DEBUG] before ReinitAsync
[DEBUG] after ReinitAsync
[STAGE] after ReinitAsync step 66
[STAGE] before UpdateBoundary step 67
[DEBUG] before UpdateBoundary
[DEBUG] after UpdateBoundary
[STAGE] after UpdateBoundary step 67
[STAGE] before AddPlumeSourceAsync step 67
[DEBUG] plume params strength=0.08 radius_norm=0.08 swirl=0.02
[DEBUG] plume dims nx/ny/nz/count=64/64/64/262144
[DEBUG] plume radius/cx/cy/cz=5.12/32/9.6/32
[STAGE] after AddPlumeSourceAsync step 67
[STAGE] before AdvanceAsync step 67
[DEBUG] before AdvanceAsync
[DEBUG] after AdvanceAsync
[STAGE] after AdvanceAsync step 67
[STAGE] before ReinitAsync step 67
[DEBUG] before ReinitAsync
[DEBUG] after ReinitAsync
[STAGE] after ReinitAsync step 67
[STAGE] before UpdateBoundary step 68
[DEBUG] before UpdateBoundary
[DEBUG] after UpdateBoundary
[STAGE] after UpdateBoundary step 68
[STAGE] before AddPlumeSourceAsync step 68
[DEBUG] plume params strength=0.08 radius_norm=0.08 swirl=0.02
[DEBUG] plume dims nx/ny/nz/count=64/64/64/262144
[DEBUG] plume radius/cx/cy/cz=5.12/32/9.6/32
[STAGE] after AddPlumeSourceAsync step 68
[STAGE] before AdvanceAsync step 68
[DEBUG] before AdvanceAsync
[DEBUG] after AdvanceAsync
[STAGE] after AdvanceAsync step 68
[STAGE] before ReinitAsync step 68
[DEBUG] before ReinitAsync
[DEBUG] after ReinitAsync
[STAGE] after ReinitAsync step 68
[STAGE] before UpdateBoundary step 69
[DEBUG] before UpdateBoundary
[DEBUG] after UpdateBoundary
[STAGE] after UpdateBoundary step 69
[STAGE] before AddPlumeSourceAsync step 69
[DEBUG] plume params strength=0.08 radius_norm=0.08 swirl=0.02
[DEBUG] plume dims nx/ny/nz/count=64/64/64/262144
[DEBUG] plume radius/cx/cy/cz=5.12/32/9.6/32
[STAGE] after AddPlumeSourceAsync step 69
[STAGE] before AdvanceAsync step 69
[DEBUG] before AdvanceAsync
[DEBUG] after AdvanceAsync
[STAGE] after AdvanceAsync step 69
[STAGE] before ReinitAsync step 69
[DEBUG] before ReinitAsync
[DEBUG] after ReinitAsync
[STAGE] after ReinitAsync step 69
[STAGE] before UpdateBoundary step 70
[DEBUG] before UpdateBoundary
[DEBUG] after UpdateBoundary
[STAGE] after UpdateBoundary step 70
[STAGE] before AddPlumeSourceAsync step 70
[DEBUG] plume params strength=0.08 radius_norm=0.08 swirl=0.02
[DEBUG] plume dims nx/ny/nz/count=64/64/64/262144
[DEBUG] plume radius/cx/cy/cz=5.12/32/9.6/32
[STAGE] after AddPlumeSourceAsync step 70
[STAGE] before AdvanceAsync step 70
[DEBUG] before AdvanceAsync
[DEBUG] after AdvanceAsync
[STAGE] after AdvanceAsync step 70
[STAGE] before ReinitAsync step 70
[DEBUG] before ReinitAsync
[DEBUG] after ReinitAsync
[STAGE] after ReinitAsync step 70
[STAGE] before UpdateBoundary step 71
[DEBUG] before UpdateBoundary
[DEBUG] after UpdateBoundary
[STAGE] after UpdateBoundary step 71
[STAGE] before AddPlumeSourceAsync step 71
[DEBUG] plume params strength=0.08 radius_norm=0.08 swirl=0.02
[DEBUG] plume dims nx/ny/nz/count=64/64/64/262144
[DEBUG] plume radius/cx/cy/cz=5.12/32/9.6/32
[STAGE] after AddPlumeSourceAsync step 71
[STAGE] before AdvanceAsync step 71
[DEBUG] before AdvanceAsync
[DEBUG] after AdvanceAsync
[STAGE] after AdvanceAsync step 71
[STAGE] before ReinitAsync step 71
[DEBUG] before ReinitAsync
[DEBUG] after ReinitAsync
[STAGE] after ReinitAsync step 71
[STAGE] before UpdateBoundary step 72
[DEBUG] before UpdateBoundary
[DEBUG] after UpdateBoundary
[STAGE] after UpdateBoundary step 72
[STAGE] before AddPlumeSourceAsync step 72
[DEBUG] plume params strength=0.08 radius_norm=0.08 swirl=0.02
[DEBUG] plume dims nx/ny/nz/count=64/64/64/262144
[DEBUG] plume radius/cx/cy/cz=5.12/32/9.6/32
[STAGE] after AddPlumeSourceAsync step 72
[STAGE] before AdvanceAsync step 72
[DEBUG] before AdvanceAsync
[DEBUG] after AdvanceAsync
[STAGE] after AdvanceAsync step 72
[STAGE] before ReinitAsync step 72
[DEBUG] before ReinitAsync
[DEBUG] after ReinitAsync
[STAGE] after ReinitAsync step 72
[STAGE] before UpdateBoundary step 73
[DEBUG] before UpdateBoundary
[DEBUG] after UpdateBoundary
[STAGE] after UpdateBoundary step 73
[STAGE] before AddPlumeSourceAsync step 73
[DEBUG] plume params strength=0.08 radius_norm=0.08 swirl=0.02
[DEBUG] plume dims nx/ny/nz/count=64/64/64/262144
[DEBUG] plume radius/cx/cy/cz=5.12/32/9.6/32
[STAGE] after AddPlumeSourceAsync step 73
[STAGE] before AdvanceAsync step 73
[DEBUG] before AdvanceAsync
[DEBUG] after AdvanceAsync
[STAGE] after AdvanceAsync step 73
[STAGE] before ReinitAsync step 73
[DEBUG] before ReinitAsync
[DEBUG] after ReinitAsync
[STAGE] after ReinitAsync step 73
[STAGE] before UpdateBoundary step 74
[DEBUG] before UpdateBoundary
[DEBUG] after UpdateBoundary
[STAGE] after UpdateBoundary step 74
[STAGE] before AddPlumeSourceAsync step 74
[DEBUG] plume params strength=0.08 radius_norm=0.08 swirl=0.02
[DEBUG] plume dims nx/ny/nz/count=64/64/64/262144
[DEBUG] plume radius/cx/cy/cz=5.12/32/9.6/32
[STAGE] after AddPlumeSourceAsync step 74
[STAGE] before AdvanceAsync step 74
[DEBUG] before AdvanceAsync
[DEBUG] after AdvanceAsync
[STAGE] after AdvanceAsync step 74
[STAGE] before ReinitAsync step 74
[DEBUG] before ReinitAsync
[DEBUG] after ReinitAsync
[STAGE] after ReinitAsync step 74
[STAGE] before UpdateBoundary step 75
[DEBUG] before UpdateBoundary
[DEBUG] after UpdateBoundary
[STAGE] after UpdateBoundary step 75
[STAGE] before AddPlumeSourceAsync step 75
[DEBUG] plume params strength=0.08 radius_norm=0.08 swirl=0.02
[DEBUG] plume dims nx/ny/nz/count=64/64/64/262144
[DEBUG] plume radius/cx/cy/cz=5.12/32/9.6/32
[STAGE] after AddPlumeSourceAsync step 75
[STAGE] before AdvanceAsync step 75
[DEBUG] before AdvanceAsync
[DEBUG] after AdvanceAsync
[STAGE] after AdvanceAsync step 75
[STAGE] before ReinitAsync step 75
[DEBUG] before ReinitAsync
[DEBUG] after ReinitAsync
[STAGE] after ReinitAsync step 75
[STAGE] before UpdateBoundary step 76
[DEBUG] before UpdateBoundary
[DEBUG] after UpdateBoundary
[STAGE] after UpdateBoundary step 76
[STAGE] before AddPlumeSourceAsync step 76
[DEBUG] plume params strength=0.08 radius_norm=0.08 swirl=0.02
[DEBUG] plume dims nx/ny/nz/count=64/64/64/262144
[DEBUG] plume radius/cx/cy/cz=5.12/32/9.6/32
[STAGE] after AddPlumeSourceAsync step 76
[STAGE] before AdvanceAsync step 76
[DEBUG] before AdvanceAsync
[DEBUG] after AdvanceAsync
[STAGE] after AdvanceAsync step 76
[STAGE] before ReinitAsync step 76
[DEBUG] before ReinitAsync
[DEBUG] after ReinitAsync
[STAGE] after ReinitAsync step 76
[STAGE] before UpdateBoundary step 77
[DEBUG] before UpdateBoundary
[DEBUG] after UpdateBoundary
[STAGE] after UpdateBoundary step 77
[STAGE] before AddPlumeSourceAsync step 77
[DEBUG] plume params strength=0.08 radius_norm=0.08 swirl=0.02
[DEBUG] plume dims nx/ny/nz/count=64/64/64/262144
[DEBUG] plume radius/cx/cy/cz=5.12/32/9.6/32
[STAGE] after AddPlumeSourceAsync step 77
[STAGE] before AdvanceAsync step 77
[DEBUG] before AdvanceAsync
[DEBUG] after AdvanceAsync
[STAGE] after AdvanceAsync step 77
[STAGE] before ReinitAsync step 77
[DEBUG] before ReinitAsync
[DEBUG] after ReinitAsync
[STAGE] after ReinitAsync step 77
[STAGE] before UpdateBoundary step 78
[DEBUG] before UpdateBoundary
[DEBUG] after UpdateBoundary
[STAGE] after UpdateBoundary step 78
[STAGE] before AddPlumeSourceAsync step 78
[DEBUG] plume params strength=0.08 radius_norm=0.08 swirl=0.02
[DEBUG] plume dims nx/ny/nz/count=64/64/64/262144
[DEBUG] plume radius/cx/cy/cz=5.12/32/9.6/32
[STAGE] after AddPlumeSourceAsync step 78
[STAGE] before AdvanceAsync step 78
[DEBUG] before AdvanceAsync
[DEBUG] after AdvanceAsync
[STAGE] after AdvanceAsync step 78
[STAGE] before ReinitAsync step 78
[DEBUG] before ReinitAsync
[DEBUG] after ReinitAsync
[STAGE] after ReinitAsync step 78
[STAGE] before UpdateBoundary step 79
[DEBUG] before UpdateBoundary
[DEBUG] after UpdateBoundary
[STAGE] after UpdateBoundary step 79
[STAGE] before AddPlumeSourceAsync step 79
[DEBUG] plume params strength=0.08 radius_norm=0.08 swirl=0.02
[DEBUG] plume dims nx/ny/nz/count=64/64/64/262144
[DEBUG] plume radius/cx/cy/cz=5.12/32/9.6/32
[STAGE] after AddPlumeSourceAsync step 79
[STAGE] before AdvanceAsync step 79
[DEBUG] before AdvanceAsync
[DEBUG] after AdvanceAsync
[STAGE] after AdvanceAsync step 79
[STAGE] before ReinitAsync step 79
[DEBUG] before ReinitAsync
[DEBUG] after ReinitAsync
[STAGE] after ReinitAsync step 79
[STAGE] before UpdateBoundary step 80
[DEBUG] before UpdateBoundary
[DEBUG] after UpdateBoundary
[STAGE] after UpdateBoundary step 80
[STAGE] before AddPlumeSourceAsync step 80
[DEBUG] plume params strength=0.08 radius_norm=0.08 swirl=0.02
[DEBUG] plume dims nx/ny/nz/count=64/64/64/262144
[DEBUG] plume radius/cx/cy/cz=5.12/32/9.6/32
[STAGE] after AddPlumeSourceAsync step 80
[STAGE] before AdvanceAsync step 80
[DEBUG] before AdvanceAsync
[DEBUG] after AdvanceAsync
[STAGE] after AdvanceAsync step 80
[STAGE] before ReinitAsync step 80
[DEBUG] before ReinitAsync
[DEBUG] after ReinitAsync
[STAGE] after ReinitAsync step 80
[STAGE] before save frame 80
[DEBUG] before cudaStreamSynchronize
[STAGE] before save cudaStreamSynchronize frame 80
[DEBUG] after cudaStreamSynchronize
[STAGE] after save cudaStreamSynchronize frame 80
[DEBUG] save frame=80 path=/gscratch/amath/diwenxu/fire_pfm/ofm_dynamic/proj/dynamic_obstacle_headless/outputs/plume/res64/ps0.08_pr0.08_sw0.02_20260502_082604/vorticity/frame_000080.npy shape=(64,64,64) count=262144 estimated_mb=1
[OFM Headless] Saved vorticity to /gscratch/amath/diwenxu/fire_pfm/ofm_dynamic/proj/dynamic_obstacle_headless/outputs/plume/res64/ps0.08_pr0.08_sw0.02_20260502_082604/vorticity/frame_000080.npy
[STAGE] after save frame 80
[STAGE] before UpdateBoundary step 81
[DEBUG] before UpdateBoundary
[DEBUG] after UpdateBoundary
[STAGE] after UpdateBoundary step 81
[STAGE] before AddPlumeSourceAsync step 81
[DEBUG] plume params strength=0.08 radius_norm=0.08 swirl=0.02
[DEBUG] plume dims nx/ny/nz/count=64/64/64/262144
[DEBUG] plume radius/cx/cy/cz=5.12/32/9.6/32
[STAGE] after AddPlumeSourceAsync step 81
[STAGE] before AdvanceAsync step 81
[DEBUG] before AdvanceAsync
[DEBUG] after AdvanceAsync
[STAGE] after AdvanceAsync step 81
[STAGE] before ReinitAsync step 81
[DEBUG] before ReinitAsync
[DEBUG] after ReinitAsync
[STAGE] after ReinitAsync step 81
[STAGE] before UpdateBoundary step 82
[DEBUG] before UpdateBoundary
[DEBUG] after UpdateBoundary
[STAGE] after UpdateBoundary step 82
[STAGE] before AddPlumeSourceAsync step 82
[DEBUG] plume params strength=0.08 radius_norm=0.08 swirl=0.02
[DEBUG] plume dims nx/ny/nz/count=64/64/64/262144
[DEBUG] plume radius/cx/cy/cz=5.12/32/9.6/32
[STAGE] after AddPlumeSourceAsync step 82
[STAGE] before AdvanceAsync step 82
[DEBUG] before AdvanceAsync
[DEBUG] after AdvanceAsync
[STAGE] after AdvanceAsync step 82
[STAGE] before ReinitAsync step 82
[DEBUG] before ReinitAsync
[DEBUG] after ReinitAsync
[STAGE] after ReinitAsync step 82
[STAGE] before UpdateBoundary step 83
[DEBUG] before UpdateBoundary
[DEBUG] after UpdateBoundary
[STAGE] after UpdateBoundary step 83
[STAGE] before AddPlumeSourceAsync step 83
[DEBUG] plume params strength=0.08 radius_norm=0.08 swirl=0.02
[DEBUG] plume dims nx/ny/nz/count=64/64/64/262144
[DEBUG] plume radius/cx/cy/cz=5.12/32/9.6/32
[STAGE] after AddPlumeSourceAsync step 83
[STAGE] before AdvanceAsync step 83
[DEBUG] before AdvanceAsync
[DEBUG] after AdvanceAsync
[STAGE] after AdvanceAsync step 83
[STAGE] before ReinitAsync step 83
[DEBUG] before ReinitAsync
[DEBUG] after ReinitAsync
[STAGE] after ReinitAsync step 83
[STAGE] before UpdateBoundary step 84
[DEBUG] before UpdateBoundary
[DEBUG] after UpdateBoundary
[STAGE] after UpdateBoundary step 84
[STAGE] before AddPlumeSourceAsync step 84
[DEBUG] plume params strength=0.08 radius_norm=0.08 swirl=0.02
[DEBUG] plume dims nx/ny/nz/count=64/64/64/262144
[DEBUG] plume radius/cx/cy/cz=5.12/32/9.6/32
[STAGE] after AddPlumeSourceAsync step 84
[STAGE] before AdvanceAsync step 84
[DEBUG] before AdvanceAsync
[DEBUG] after AdvanceAsync
[STAGE] after AdvanceAsync step 84
[STAGE] before ReinitAsync step 84
[DEBUG] before ReinitAsync
[DEBUG] after ReinitAsync
[STAGE] after ReinitAsync step 84
[STAGE] before UpdateBoundary step 85
[DEBUG] before UpdateBoundary
[DEBUG] after UpdateBoundary
[STAGE] after UpdateBoundary step 85
[STAGE] before AddPlumeSourceAsync step 85
[DEBUG] plume params strength=0.08 radius_norm=0.08 swirl=0.02
[DEBUG] plume dims nx/ny/nz/count=64/64/64/262144
[DEBUG] plume radius/cx/cy/cz=5.12/32/9.6/32
[STAGE] after AddPlumeSourceAsync step 85
[STAGE] before AdvanceAsync step 85
[DEBUG] before AdvanceAsync
[DEBUG] after AdvanceAsync
[STAGE] after AdvanceAsync step 85
[STAGE] before ReinitAsync step 85
[DEBUG] before ReinitAsync
[DEBUG] after ReinitAsync
[STAGE] after ReinitAsync step 85
[STAGE] before UpdateBoundary step 86
[DEBUG] before UpdateBoundary
[DEBUG] after UpdateBoundary
[STAGE] after UpdateBoundary step 86
[STAGE] before AddPlumeSourceAsync step 86
[DEBUG] plume params strength=0.08 radius_norm=0.08 swirl=0.02
[DEBUG] plume dims nx/ny/nz/count=64/64/64/262144
[DEBUG] plume radius/cx/cy/cz=5.12/32/9.6/32
[STAGE] after AddPlumeSourceAsync step 86
[STAGE] before AdvanceAsync step 86
[DEBUG] before AdvanceAsync
[DEBUG] after AdvanceAsync
[STAGE] after AdvanceAsync step 86
[STAGE] before ReinitAsync step 86
[DEBUG] before ReinitAsync
[DEBUG] after ReinitAsync
[STAGE] after ReinitAsync step 86
[STAGE] before UpdateBoundary step 87
[DEBUG] before UpdateBoundary
[DEBUG] after UpdateBoundary
[STAGE] after UpdateBoundary step 87
[STAGE] before AddPlumeSourceAsync step 87
[DEBUG] plume params strength=0.08 radius_norm=0.08 swirl=0.02
[DEBUG] plume dims nx/ny/nz/count=64/64/64/262144
[DEBUG] plume radius/cx/cy/cz=5.12/32/9.6/32
[STAGE] after AddPlumeSourceAsync step 87
[STAGE] before AdvanceAsync step 87
[DEBUG] before AdvanceAsync
[DEBUG] after AdvanceAsync
[STAGE] after AdvanceAsync step 87
[STAGE] before ReinitAsync step 87
[DEBUG] before ReinitAsync
[DEBUG] after ReinitAsync
[STAGE] after ReinitAsync step 87
[STAGE] before UpdateBoundary step 88
[DEBUG] before UpdateBoundary
[DEBUG] after UpdateBoundary
[STAGE] after UpdateBoundary step 88
[STAGE] before AddPlumeSourceAsync step 88
[DEBUG] plume params strength=0.08 radius_norm=0.08 swirl=0.02
[DEBUG] plume dims nx/ny/nz/count=64/64/64/262144
[DEBUG] plume radius/cx/cy/cz=5.12/32/9.6/32
[STAGE] after AddPlumeSourceAsync step 88
[STAGE] before AdvanceAsync step 88
[DEBUG] before AdvanceAsync
[DEBUG] after AdvanceAsync
[STAGE] after AdvanceAsync step 88
[STAGE] before ReinitAsync step 88
[DEBUG] before ReinitAsync
[DEBUG] after ReinitAsync
[STAGE] after ReinitAsync step 88
[STAGE] before UpdateBoundary step 89
[DEBUG] before UpdateBoundary
[DEBUG] after UpdateBoundary
[STAGE] after UpdateBoundary step 89
[STAGE] before AddPlumeSourceAsync step 89
[DEBUG] plume params strength=0.08 radius_norm=0.08 swirl=0.02
[DEBUG] plume dims nx/ny/nz/count=64/64/64/262144
[DEBUG] plume radius/cx/cy/cz=5.12/32/9.6/32
[STAGE] after AddPlumeSourceAsync step 89
[STAGE] before AdvanceAsync step 89
[DEBUG] before AdvanceAsync
[DEBUG] after AdvanceAsync
[STAGE] after AdvanceAsync step 89
[STAGE] before ReinitAsync step 89
[DEBUG] before ReinitAsync
[DEBUG] after ReinitAsync
[STAGE] after ReinitAsync step 89
[STAGE] before UpdateBoundary step 90
[DEBUG] before UpdateBoundary
[DEBUG] after UpdateBoundary
[STAGE] after UpdateBoundary step 90
[STAGE] before AddPlumeSourceAsync step 90
[DEBUG] plume params strength=0.08 radius_norm=0.08 swirl=0.02
[DEBUG] plume dims nx/ny/nz/count=64/64/64/262144
[DEBUG] plume radius/cx/cy/cz=5.12/32/9.6/32
[STAGE] after AddPlumeSourceAsync step 90
[STAGE] before AdvanceAsync step 90
[DEBUG] before AdvanceAsync
[DEBUG] after AdvanceAsync
[STAGE] after AdvanceAsync step 90
[STAGE] before ReinitAsync step 90
[DEBUG] before ReinitAsync
[DEBUG] after ReinitAsync
[STAGE] after ReinitAsync step 90
[STAGE] before UpdateBoundary step 91
[DEBUG] before UpdateBoundary
[DEBUG] after UpdateBoundary
[STAGE] after UpdateBoundary step 91
[STAGE] before AddPlumeSourceAsync step 91
[DEBUG] plume params strength=0.08 radius_norm=0.08 swirl=0.02
[DEBUG] plume dims nx/ny/nz/count=64/64/64/262144
[DEBUG] plume radius/cx/cy/cz=5.12/32/9.6/32
[STAGE] after AddPlumeSourceAsync step 91
[STAGE] before AdvanceAsync step 91
[DEBUG] before AdvanceAsync
[DEBUG] after AdvanceAsync
[STAGE] after AdvanceAsync step 91
[STAGE] before ReinitAsync step 91
[DEBUG] before ReinitAsync
[DEBUG] after ReinitAsync
[STAGE] after ReinitAsync step 91
[STAGE] before UpdateBoundary step 92
[DEBUG] before UpdateBoundary
[DEBUG] after UpdateBoundary
[STAGE] after UpdateBoundary step 92
[STAGE] before AddPlumeSourceAsync step 92
[DEBUG] plume params strength=0.08 radius_norm=0.08 swirl=0.02
[DEBUG] plume dims nx/ny/nz/count=64/64/64/262144
[DEBUG] plume radius/cx/cy/cz=5.12/32/9.6/32
[STAGE] after AddPlumeSourceAsync step 92
[STAGE] before AdvanceAsync step 92
[DEBUG] before AdvanceAsync
[DEBUG] after AdvanceAsync
[STAGE] after AdvanceAsync step 92
[STAGE] before ReinitAsync step 92
[DEBUG] before ReinitAsync
[DEBUG] after ReinitAsync
[STAGE] after ReinitAsync step 92
[STAGE] before UpdateBoundary step 93
[DEBUG] before UpdateBoundary
[DEBUG] after UpdateBoundary
[STAGE] after UpdateBoundary step 93
[STAGE] before AddPlumeSourceAsync step 93
[DEBUG] plume params strength=0.08 radius_norm=0.08 swirl=0.02
[DEBUG] plume dims nx/ny/nz/count=64/64/64/262144
[DEBUG] plume radius/cx/cy/cz=5.12/32/9.6/32
[STAGE] after AddPlumeSourceAsync step 93
[STAGE] before AdvanceAsync step 93
[DEBUG] before AdvanceAsync
[DEBUG] after AdvanceAsync
[STAGE] after AdvanceAsync step 93
[STAGE] before ReinitAsync step 93
[DEBUG] before ReinitAsync
[DEBUG] after ReinitAsync
[STAGE] after ReinitAsync step 93
[STAGE] before UpdateBoundary step 94
[DEBUG] before UpdateBoundary
[DEBUG] after UpdateBoundary
[STAGE] after UpdateBoundary step 94
[STAGE] before AddPlumeSourceAsync step 94
[DEBUG] plume params strength=0.08 radius_norm=0.08 swirl=0.02
[DEBUG] plume dims nx/ny/nz/count=64/64/64/262144
[DEBUG] plume radius/cx/cy/cz=5.12/32/9.6/32
[STAGE] after AddPlumeSourceAsync step 94
[STAGE] before AdvanceAsync step 94
[DEBUG] before AdvanceAsync
[DEBUG] after AdvanceAsync
[STAGE] after AdvanceAsync step 94
[STAGE] before ReinitAsync step 94
[DEBUG] before ReinitAsync
[DEBUG] after ReinitAsync
[STAGE] after ReinitAsync step 94
[STAGE] before UpdateBoundary step 95
[DEBUG] before UpdateBoundary
[DEBUG] after UpdateBoundary
[STAGE] after UpdateBoundary step 95
[STAGE] before AddPlumeSourceAsync step 95
[DEBUG] plume params strength=0.08 radius_norm=0.08 swirl=0.02
[DEBUG] plume dims nx/ny/nz/count=64/64/64/262144
[DEBUG] plume radius/cx/cy/cz=5.12/32/9.6/32
[STAGE] after AddPlumeSourceAsync step 95
[STAGE] before AdvanceAsync step 95
[DEBUG] before AdvanceAsync
[DEBUG] after AdvanceAsync
[STAGE] after AdvanceAsync step 95
[STAGE] before ReinitAsync step 95
[DEBUG] before ReinitAsync
[DEBUG] after ReinitAsync
[STAGE] after ReinitAsync step 95
[STAGE] before UpdateBoundary step 96
[DEBUG] before UpdateBoundary
[DEBUG] after UpdateBoundary
[STAGE] after UpdateBoundary step 96
[STAGE] before AddPlumeSourceAsync step 96
[DEBUG] plume params strength=0.08 radius_norm=0.08 swirl=0.02
[DEBUG] plume dims nx/ny/nz/count=64/64/64/262144
[DEBUG] plume radius/cx/cy/cz=5.12/32/9.6/32
[STAGE] after AddPlumeSourceAsync step 96
[STAGE] before AdvanceAsync step 96
[DEBUG] before AdvanceAsync
[DEBUG] after AdvanceAsync
[STAGE] after AdvanceAsync step 96
[STAGE] before ReinitAsync step 96
[DEBUG] before ReinitAsync
[DEBUG] after ReinitAsync
[STAGE] after ReinitAsync step 96
[STAGE] before UpdateBoundary step 97
[DEBUG] before UpdateBoundary
[DEBUG] after UpdateBoundary
[STAGE] after UpdateBoundary step 97
[STAGE] before AddPlumeSourceAsync step 97
[DEBUG] plume params strength=0.08 radius_norm=0.08 swirl=0.02
[DEBUG] plume dims nx/ny/nz/count=64/64/64/262144
[DEBUG] plume radius/cx/cy/cz=5.12/32/9.6/32
[STAGE] after AddPlumeSourceAsync step 97
[STAGE] before AdvanceAsync step 97
[DEBUG] before AdvanceAsync
[DEBUG] after AdvanceAsync
[STAGE] after AdvanceAsync step 97
[STAGE] before ReinitAsync step 97
[DEBUG] before ReinitAsync
[DEBUG] after ReinitAsync
[STAGE] after ReinitAsync step 97
[STAGE] before UpdateBoundary step 98
[DEBUG] before UpdateBoundary
[DEBUG] after UpdateBoundary
[STAGE] after UpdateBoundary step 98
[STAGE] before AddPlumeSourceAsync step 98
[DEBUG] plume params strength=0.08 radius_norm=0.08 swirl=0.02
[DEBUG] plume dims nx/ny/nz/count=64/64/64/262144
[DEBUG] plume radius/cx/cy/cz=5.12/32/9.6/32
[STAGE] after AddPlumeSourceAsync step 98
[STAGE] before AdvanceAsync step 98
[DEBUG] before AdvanceAsync
[DEBUG] after AdvanceAsync
[STAGE] after AdvanceAsync step 98
[STAGE] before ReinitAsync step 98
[DEBUG] before ReinitAsync
[DEBUG] after ReinitAsync
[STAGE] after ReinitAsync step 98
[STAGE] before UpdateBoundary step 99
[DEBUG] before UpdateBoundary
[DEBUG] after UpdateBoundary
[STAGE] after UpdateBoundary step 99
[STAGE] before AddPlumeSourceAsync step 99
[DEBUG] plume params strength=0.08 radius_norm=0.08 swirl=0.02
[DEBUG] plume dims nx/ny/nz/count=64/64/64/262144
[DEBUG] plume radius/cx/cy/cz=5.12/32/9.6/32
[STAGE] after AddPlumeSourceAsync step 99
[STAGE] before AdvanceAsync step 99
[DEBUG] before AdvanceAsync
[DEBUG] after AdvanceAsync
[STAGE] after AdvanceAsync step 99
[STAGE] before ReinitAsync step 99
[DEBUG] before ReinitAsync
[DEBUG] after ReinitAsync
[STAGE] after ReinitAsync step 99
[STAGE] before UpdateBoundary step 100
[DEBUG] before UpdateBoundary
[DEBUG] after UpdateBoundary
[STAGE] after UpdateBoundary step 100
[STAGE] before AddPlumeSourceAsync step 100
[DEBUG] plume params strength=0.08 radius_norm=0.08 swirl=0.02
[DEBUG] plume dims nx/ny/nz/count=64/64/64/262144
[DEBUG] plume radius/cx/cy/cz=5.12/32/9.6/32
[STAGE] after AddPlumeSourceAsync step 100
[STAGE] before AdvanceAsync step 100
[DEBUG] before AdvanceAsync
[DEBUG] after AdvanceAsync
[STAGE] after AdvanceAsync step 100
[STAGE] before ReinitAsync step 100
[DEBUG] before ReinitAsync
[DEBUG] after ReinitAsync
[STAGE] after ReinitAsync step 100
[OFM Headless] Step 101 / 400
[STAGE] before UpdateBoundary step 101
[DEBUG] before UpdateBoundary
[DEBUG] after UpdateBoundary
[STAGE] after UpdateBoundary step 101
[STAGE] before AddPlumeSourceAsync step 101
[DEBUG] plume params strength=0.08 radius_norm=0.08 swirl=0.02
[DEBUG] plume dims nx/ny/nz/count=64/64/64/262144
[DEBUG] plume radius/cx/cy/cz=5.12/32/9.6/32
[STAGE] after AddPlumeSourceAsync step 101
[STAGE] before AdvanceAsync step 101
[DEBUG] before AdvanceAsync
[DEBUG] after AdvanceAsync
[STAGE] after AdvanceAsync step 101
[STAGE] before ReinitAsync step 101
[DEBUG] before ReinitAsync
[DEBUG] after ReinitAsync
[STAGE] after ReinitAsync step 101
[STAGE] before UpdateBoundary step 102
[DEBUG] before UpdateBoundary
[DEBUG] after UpdateBoundary
[STAGE] after UpdateBoundary step 102
[STAGE] before AddPlumeSourceAsync step 102
[DEBUG] plume params strength=0.08 radius_norm=0.08 swirl=0.02
[DEBUG] plume dims nx/ny/nz/count=64/64/64/262144
[DEBUG] plume radius/cx/cy/cz=5.12/32/9.6/32
[STAGE] after AddPlumeSourceAsync step 102
[STAGE] before AdvanceAsync step 102
[DEBUG] before AdvanceAsync
[DEBUG] after AdvanceAsync
[STAGE] after AdvanceAsync step 102
[STAGE] before ReinitAsync step 102
[DEBUG] before ReinitAsync
[DEBUG] after ReinitAsync
[STAGE] after ReinitAsync step 102
[STAGE] before UpdateBoundary step 103
[DEBUG] before UpdateBoundary
[DEBUG] after UpdateBoundary
[STAGE] after UpdateBoundary step 103
[STAGE] before AddPlumeSourceAsync step 103
[DEBUG] plume params strength=0.08 radius_norm=0.08 swirl=0.02
[DEBUG] plume dims nx/ny/nz/count=64/64/64/262144
[DEBUG] plume radius/cx/cy/cz=5.12/32/9.6/32
[STAGE] after AddPlumeSourceAsync step 103
[STAGE] before AdvanceAsync step 103
[DEBUG] before AdvanceAsync
[DEBUG] after AdvanceAsync
[STAGE] after AdvanceAsync step 103
[STAGE] before ReinitAsync step 103
[DEBUG] before ReinitAsync
[DEBUG] after ReinitAsync
[STAGE] after ReinitAsync step 103
[STAGE] before UpdateBoundary step 104
[DEBUG] before UpdateBoundary
[DEBUG] after UpdateBoundary
[STAGE] after UpdateBoundary step 104
[STAGE] before AddPlumeSourceAsync step 104
[DEBUG] plume params strength=0.08 radius_norm=0.08 swirl=0.02
[DEBUG] plume dims nx/ny/nz/count=64/64/64/262144
[DEBUG] plume radius/cx/cy/cz=5.12/32/9.6/32
[STAGE] after AddPlumeSourceAsync step 104
[STAGE] before AdvanceAsync step 104
[DEBUG] before AdvanceAsync
[DEBUG] after AdvanceAsync
[STAGE] after AdvanceAsync step 104
[STAGE] before ReinitAsync step 104
[DEBUG] before ReinitAsync
[DEBUG] after ReinitAsync
[STAGE] after ReinitAsync step 104
[STAGE] before UpdateBoundary step 105
[DEBUG] before UpdateBoundary
[DEBUG] after UpdateBoundary
[STAGE] after UpdateBoundary step 105
[STAGE] before AddPlumeSourceAsync step 105
[DEBUG] plume params strength=0.08 radius_norm=0.08 swirl=0.02
[DEBUG] plume dims nx/ny/nz/count=64/64/64/262144
[DEBUG] plume radius/cx/cy/cz=5.12/32/9.6/32
[STAGE] after AddPlumeSourceAsync step 105
[STAGE] before AdvanceAsync step 105
[DEBUG] before AdvanceAsync
[DEBUG] after AdvanceAsync
[STAGE] after AdvanceAsync step 105
[STAGE] before ReinitAsync step 105
[DEBUG] before ReinitAsync
[DEBUG] after ReinitAsync
[STAGE] after ReinitAsync step 105
[STAGE] before UpdateBoundary step 106
[DEBUG] before UpdateBoundary
[DEBUG] after UpdateBoundary
[STAGE] after UpdateBoundary step 106
[STAGE] before AddPlumeSourceAsync step 106
[DEBUG] plume params strength=0.08 radius_norm=0.08 swirl=0.02
[DEBUG] plume dims nx/ny/nz/count=64/64/64/262144
[DEBUG] plume radius/cx/cy/cz=5.12/32/9.6/32
[STAGE] after AddPlumeSourceAsync step 106
[STAGE] before AdvanceAsync step 106
[DEBUG] before AdvanceAsync
[DEBUG] after AdvanceAsync
[STAGE] after AdvanceAsync step 106
[STAGE] before ReinitAsync step 106
[DEBUG] before ReinitAsync
[DEBUG] after ReinitAsync
[STAGE] after ReinitAsync step 106
[STAGE] before UpdateBoundary step 107
[DEBUG] before UpdateBoundary
[DEBUG] after UpdateBoundary
[STAGE] after UpdateBoundary step 107
[STAGE] before AddPlumeSourceAsync step 107
[DEBUG] plume params strength=0.08 radius_norm=0.08 swirl=0.02
[DEBUG] plume dims nx/ny/nz/count=64/64/64/262144
[DEBUG] plume radius/cx/cy/cz=5.12/32/9.6/32
[STAGE] after AddPlumeSourceAsync step 107
[STAGE] before AdvanceAsync step 107
[DEBUG] before AdvanceAsync
[DEBUG] after AdvanceAsync
[STAGE] after AdvanceAsync step 107
[STAGE] before ReinitAsync step 107
[DEBUG] before ReinitAsync
[DEBUG] after ReinitAsync
[STAGE] after ReinitAsync step 107
[STAGE] before UpdateBoundary step 108
[DEBUG] before UpdateBoundary
[DEBUG] after UpdateBoundary
[STAGE] after UpdateBoundary step 108
[STAGE] before AddPlumeSourceAsync step 108
[DEBUG] plume params strength=0.08 radius_norm=0.08 swirl=0.02
[DEBUG] plume dims nx/ny/nz/count=64/64/64/262144
[DEBUG] plume radius/cx/cy/cz=5.12/32/9.6/32
[STAGE] after AddPlumeSourceAsync step 108
[STAGE] before AdvanceAsync step 108
[DEBUG] before AdvanceAsync
[DEBUG] after AdvanceAsync
[STAGE] after AdvanceAsync step 108
[STAGE] before ReinitAsync step 108
[DEBUG] before ReinitAsync
[DEBUG] after ReinitAsync
[STAGE] after ReinitAsync step 108
[STAGE] before UpdateBoundary step 109
[DEBUG] before UpdateBoundary
[DEBUG] after UpdateBoundary
[STAGE] after UpdateBoundary step 109
[STAGE] before AddPlumeSourceAsync step 109
[DEBUG] plume params strength=0.08 radius_norm=0.08 swirl=0.02
[DEBUG] plume dims nx/ny/nz/count=64/64/64/262144
[DEBUG] plume radius/cx/cy/cz=5.12/32/9.6/32
[STAGE] after AddPlumeSourceAsync step 109
[STAGE] before AdvanceAsync step 109
[DEBUG] before AdvanceAsync
[DEBUG] after AdvanceAsync
[STAGE] after AdvanceAsync step 109
[STAGE] before ReinitAsync step 109
[DEBUG] before ReinitAsync
[DEBUG] after ReinitAsync
[STAGE] after ReinitAsync step 109
[STAGE] before UpdateBoundary step 110
[DEBUG] before UpdateBoundary
[DEBUG] after UpdateBoundary
[STAGE] after UpdateBoundary step 110
[STAGE] before AddPlumeSourceAsync step 110
[DEBUG] plume params strength=0.08 radius_norm=0.08 swirl=0.02
[DEBUG] plume dims nx/ny/nz/count=64/64/64/262144
[DEBUG] plume radius/cx/cy/cz=5.12/32/9.6/32
[STAGE] after AddPlumeSourceAsync step 110
[STAGE] before AdvanceAsync step 110
[DEBUG] before AdvanceAsync
[DEBUG] after AdvanceAsync
[STAGE] after AdvanceAsync step 110
[STAGE] before ReinitAsync step 110
[DEBUG] before ReinitAsync
[DEBUG] after ReinitAsync
[STAGE] after ReinitAsync step 110
[STAGE] before UpdateBoundary step 111
[DEBUG] before UpdateBoundary
[DEBUG] after UpdateBoundary
[STAGE] after UpdateBoundary step 111
[STAGE] before AddPlumeSourceAsync step 111
[DEBUG] plume params strength=0.08 radius_norm=0.08 swirl=0.02
[DEBUG] plume dims nx/ny/nz/count=64/64/64/262144
[DEBUG] plume radius/cx/cy/cz=5.12/32/9.6/32
[STAGE] after AddPlumeSourceAsync step 111
[STAGE] before AdvanceAsync step 111
[DEBUG] before AdvanceAsync
[DEBUG] after AdvanceAsync
[STAGE] after AdvanceAsync step 111
[STAGE] before ReinitAsync step 111
[DEBUG] before ReinitAsync
[DEBUG] after ReinitAsync
[STAGE] after ReinitAsync step 111
[STAGE] before UpdateBoundary step 112
[DEBUG] before UpdateBoundary
[DEBUG] after UpdateBoundary
[STAGE] after UpdateBoundary step 112
[STAGE] before AddPlumeSourceAsync step 112
[DEBUG] plume params strength=0.08 radius_norm=0.08 swirl=0.02
[DEBUG] plume dims nx/ny/nz/count=64/64/64/262144
[DEBUG] plume radius/cx/cy/cz=5.12/32/9.6/32
[STAGE] after AddPlumeSourceAsync step 112
[STAGE] before AdvanceAsync step 112
[DEBUG] before AdvanceAsync
[DEBUG] after AdvanceAsync
[STAGE] after AdvanceAsync step 112
[STAGE] before ReinitAsync step 112
[DEBUG] before ReinitAsync
[DEBUG] after ReinitAsync
[STAGE] after ReinitAsync step 112
[STAGE] before UpdateBoundary step 113
[DEBUG] before UpdateBoundary
[DEBUG] after UpdateBoundary
[STAGE] after UpdateBoundary step 113
[STAGE] before AddPlumeSourceAsync step 113
[DEBUG] plume params strength=0.08 radius_norm=0.08 swirl=0.02
[DEBUG] plume dims nx/ny/nz/count=64/64/64/262144
[DEBUG] plume radius/cx/cy/cz=5.12/32/9.6/32
[STAGE] after AddPlumeSourceAsync step 113
[STAGE] before AdvanceAsync step 113
[DEBUG] before AdvanceAsync
[DEBUG] after AdvanceAsync
[STAGE] after AdvanceAsync step 113
[STAGE] before ReinitAsync step 113
[DEBUG] before ReinitAsync
[DEBUG] after ReinitAsync
[STAGE] after ReinitAsync step 113
[STAGE] before UpdateBoundary step 114
[DEBUG] before UpdateBoundary
[DEBUG] after UpdateBoundary
[STAGE] after UpdateBoundary step 114
[STAGE] before AddPlumeSourceAsync step 114
[DEBUG] plume params strength=0.08 radius_norm=0.08 swirl=0.02
[DEBUG] plume dims nx/ny/nz/count=64/64/64/262144
[DEBUG] plume radius/cx/cy/cz=5.12/32/9.6/32
[STAGE] after AddPlumeSourceAsync step 114
[STAGE] before AdvanceAsync step 114
[DEBUG] before AdvanceAsync
[DEBUG] after AdvanceAsync
[STAGE] after AdvanceAsync step 114
[STAGE] before ReinitAsync step 114
[DEBUG] before ReinitAsync
[DEBUG] after ReinitAsync
[STAGE] after ReinitAsync step 114
[STAGE] before UpdateBoundary step 115
[DEBUG] before UpdateBoundary
[DEBUG] after UpdateBoundary
[STAGE] after UpdateBoundary step 115
[STAGE] before AddPlumeSourceAsync step 115
[DEBUG] plume params strength=0.08 radius_norm=0.08 swirl=0.02
[DEBUG] plume dims nx/ny/nz/count=64/64/64/262144
[DEBUG] plume radius/cx/cy/cz=5.12/32/9.6/32
[STAGE] after AddPlumeSourceAsync step 115
[STAGE] before AdvanceAsync step 115
[DEBUG] before AdvanceAsync
[DEBUG] after AdvanceAsync
[STAGE] after AdvanceAsync step 115
[STAGE] before ReinitAsync step 115
[DEBUG] before ReinitAsync
[DEBUG] after ReinitAsync
[STAGE] after ReinitAsync step 115
[STAGE] before UpdateBoundary step 116
[DEBUG] before UpdateBoundary
[DEBUG] after UpdateBoundary
[STAGE] after UpdateBoundary step 116
[STAGE] before AddPlumeSourceAsync step 116
[DEBUG] plume params strength=0.08 radius_norm=0.08 swirl=0.02
[DEBUG] plume dims nx/ny/nz/count=64/64/64/262144
[DEBUG] plume radius/cx/cy/cz=5.12/32/9.6/32
[STAGE] after AddPlumeSourceAsync step 116
[STAGE] before AdvanceAsync step 116
[DEBUG] before AdvanceAsync
[DEBUG] after AdvanceAsync
[STAGE] after AdvanceAsync step 116
[STAGE] before ReinitAsync step 116
[DEBUG] before ReinitAsync
[DEBUG] after ReinitAsync
[STAGE] after ReinitAsync step 116
[STAGE] before UpdateBoundary step 117
[DEBUG] before UpdateBoundary
[DEBUG] after UpdateBoundary
[STAGE] after UpdateBoundary step 117
[STAGE] before AddPlumeSourceAsync step 117
[DEBUG] plume params strength=0.08 radius_norm=0.08 swirl=0.02
[DEBUG] plume dims nx/ny/nz/count=64/64/64/262144
[DEBUG] plume radius/cx/cy/cz=5.12/32/9.6/32
[STAGE] after AddPlumeSourceAsync step 117
[STAGE] before AdvanceAsync step 117
[DEBUG] before AdvanceAsync
[DEBUG] after AdvanceAsync
[STAGE] after AdvanceAsync step 117
[STAGE] before ReinitAsync step 117
[DEBUG] before ReinitAsync
[DEBUG] after ReinitAsync
[STAGE] after ReinitAsync step 117
[STAGE] before UpdateBoundary step 118
[DEBUG] before UpdateBoundary
[DEBUG] after UpdateBoundary
[STAGE] after UpdateBoundary step 118
[STAGE] before AddPlumeSourceAsync step 118
[DEBUG] plume params strength=0.08 radius_norm=0.08 swirl=0.02
[DEBUG] plume dims nx/ny/nz/count=64/64/64/262144
[DEBUG] plume radius/cx/cy/cz=5.12/32/9.6/32
[STAGE] after AddPlumeSourceAsync step 118
[STAGE] before AdvanceAsync step 118
[DEBUG] before AdvanceAsync
[DEBUG] after AdvanceAsync
[STAGE] after AdvanceAsync step 118
[STAGE] before ReinitAsync step 118
[DEBUG] before ReinitAsync
[DEBUG] after ReinitAsync
[STAGE] after ReinitAsync step 118
[STAGE] before UpdateBoundary step 119
[DEBUG] before UpdateBoundary
[DEBUG] after UpdateBoundary
[STAGE] after UpdateBoundary step 119
[STAGE] before AddPlumeSourceAsync step 119
[DEBUG] plume params strength=0.08 radius_norm=0.08 swirl=0.02
[DEBUG] plume dims nx/ny/nz/count=64/64/64/262144
[DEBUG] plume radius/cx/cy/cz=5.12/32/9.6/32
[STAGE] after AddPlumeSourceAsync step 119
[STAGE] before AdvanceAsync step 119
[DEBUG] before AdvanceAsync
[DEBUG] after AdvanceAsync
[STAGE] after AdvanceAsync step 119
[STAGE] before ReinitAsync step 119
[DEBUG] before ReinitAsync
[DEBUG] after ReinitAsync
[STAGE] after ReinitAsync step 119
[STAGE] before UpdateBoundary step 120
[DEBUG] before UpdateBoundary
[DEBUG] after UpdateBoundary
[STAGE] after UpdateBoundary step 120
[STAGE] before AddPlumeSourceAsync step 120
[DEBUG] plume params strength=0.08 radius_norm=0.08 swirl=0.02
[DEBUG] plume dims nx/ny/nz/count=64/64/64/262144
[DEBUG] plume radius/cx/cy/cz=5.12/32/9.6/32
[STAGE] after AddPlumeSourceAsync step 120
[STAGE] before AdvanceAsync step 120
[DEBUG] before AdvanceAsync
[DEBUG] after AdvanceAsync
[STAGE] after AdvanceAsync step 120
[STAGE] before ReinitAsync step 120
[DEBUG] before ReinitAsync
[DEBUG] after ReinitAsync
[STAGE] after ReinitAsync step 120
[STAGE] before save frame 120
[DEBUG] before cudaStreamSynchronize
[STAGE] before save cudaStreamSynchronize frame 120
[DEBUG] after cudaStreamSynchronize
[STAGE] after save cudaStreamSynchronize frame 120
[DEBUG] save frame=120 path=/gscratch/amath/diwenxu/fire_pfm/ofm_dynamic/proj/dynamic_obstacle_headless/outputs/plume/res64/ps0.08_pr0.08_sw0.02_20260502_082604/vorticity/frame_000120.npy shape=(64,64,64) count=262144 estimated_mb=1
[OFM Headless] Saved vorticity to /gscratch/amath/diwenxu/fire_pfm/ofm_dynamic/proj/dynamic_obstacle_headless/outputs/plume/res64/ps0.08_pr0.08_sw0.02_20260502_082604/vorticity/frame_000120.npy
[STAGE] after save frame 120
[STAGE] before UpdateBoundary step 121
[DEBUG] before UpdateBoundary
[DEBUG] after UpdateBoundary
[STAGE] after UpdateBoundary step 121
[STAGE] before AddPlumeSourceAsync step 121
[DEBUG] plume params strength=0.08 radius_norm=0.08 swirl=0.02
[DEBUG] plume dims nx/ny/nz/count=64/64/64/262144
[DEBUG] plume radius/cx/cy/cz=5.12/32/9.6/32
[STAGE] after AddPlumeSourceAsync step 121
[STAGE] before AdvanceAsync step 121
[DEBUG] before AdvanceAsync
[DEBUG] after AdvanceAsync
[STAGE] after AdvanceAsync step 121
[STAGE] before ReinitAsync step 121
[DEBUG] before ReinitAsync
[DEBUG] after ReinitAsync
[STAGE] after ReinitAsync step 121
[STAGE] before UpdateBoundary step 122
[DEBUG] before UpdateBoundary
[DEBUG] after UpdateBoundary
[STAGE] after UpdateBoundary step 122
[STAGE] before AddPlumeSourceAsync step 122
[DEBUG] plume params strength=0.08 radius_norm=0.08 swirl=0.02
[DEBUG] plume dims nx/ny/nz/count=64/64/64/262144
[DEBUG] plume radius/cx/cy/cz=5.12/32/9.6/32
[STAGE] after AddPlumeSourceAsync step 122
[STAGE] before AdvanceAsync step 122
[DEBUG] before AdvanceAsync
[DEBUG] after AdvanceAsync
[STAGE] after AdvanceAsync step 122
[STAGE] before ReinitAsync step 122
[DEBUG] before ReinitAsync
[DEBUG] after ReinitAsync
[STAGE] after ReinitAsync step 122
[STAGE] before UpdateBoundary step 123
[DEBUG] before UpdateBoundary
[DEBUG] after UpdateBoundary
[STAGE] after UpdateBoundary step 123
[STAGE] before AddPlumeSourceAsync step 123
[DEBUG] plume params strength=0.08 radius_norm=0.08 swirl=0.02
[DEBUG] plume dims nx/ny/nz/count=64/64/64/262144
[DEBUG] plume radius/cx/cy/cz=5.12/32/9.6/32
[STAGE] after AddPlumeSourceAsync step 123
[STAGE] before AdvanceAsync step 123
[DEBUG] before AdvanceAsync
[DEBUG] after AdvanceAsync
[STAGE] after AdvanceAsync step 123
[STAGE] before ReinitAsync step 123
[DEBUG] before ReinitAsync
[DEBUG] after ReinitAsync
[STAGE] after ReinitAsync step 123
[STAGE] before UpdateBoundary step 124
[DEBUG] before UpdateBoundary
[DEBUG] after UpdateBoundary
[STAGE] after UpdateBoundary step 124
[STAGE] before AddPlumeSourceAsync step 124
[DEBUG] plume params strength=0.08 radius_norm=0.08 swirl=0.02
[DEBUG] plume dims nx/ny/nz/count=64/64/64/262144
[DEBUG] plume radius/cx/cy/cz=5.12/32/9.6/32
[STAGE] after AddPlumeSourceAsync step 124
[STAGE] before AdvanceAsync step 124
[DEBUG] before AdvanceAsync
[DEBUG] after AdvanceAsync
[STAGE] after AdvanceAsync step 124
[STAGE] before ReinitAsync step 124
[DEBUG] before ReinitAsync
[DEBUG] after ReinitAsync
[STAGE] after ReinitAsync step 124
[STAGE] before UpdateBoundary step 125
[DEBUG] before UpdateBoundary
[DEBUG] after UpdateBoundary
[STAGE] after UpdateBoundary step 125
[STAGE] before AddPlumeSourceAsync step 125
[DEBUG] plume params strength=0.08 radius_norm=0.08 swirl=0.02
[DEBUG] plume dims nx/ny/nz/count=64/64/64/262144
[DEBUG] plume radius/cx/cy/cz=5.12/32/9.6/32
[STAGE] after AddPlumeSourceAsync step 125
[STAGE] before AdvanceAsync step 125
[DEBUG] before AdvanceAsync
[DEBUG] after AdvanceAsync
[STAGE] after AdvanceAsync step 125
[STAGE] before ReinitAsync step 125
[DEBUG] before ReinitAsync
[DEBUG] after ReinitAsync
[STAGE] after ReinitAsync step 125
[STAGE] before UpdateBoundary step 126
[DEBUG] before UpdateBoundary
[DEBUG] after UpdateBoundary
[STAGE] after UpdateBoundary step 126
[STAGE] before AddPlumeSourceAsync step 126
[DEBUG] plume params strength=0.08 radius_norm=0.08 swirl=0.02
[DEBUG] plume dims nx/ny/nz/count=64/64/64/262144
[DEBUG] plume radius/cx/cy/cz=5.12/32/9.6/32
[STAGE] after AddPlumeSourceAsync step 126
[STAGE] before AdvanceAsync step 126
[DEBUG] before AdvanceAsync
[DEBUG] after AdvanceAsync
[STAGE] after AdvanceAsync step 126
[STAGE] before ReinitAsync step 126
[DEBUG] before ReinitAsync
[DEBUG] after ReinitAsync
[STAGE] after ReinitAsync step 126
[STAGE] before UpdateBoundary step 127
[DEBUG] before UpdateBoundary
[DEBUG] after UpdateBoundary
[STAGE] after UpdateBoundary step 127
[STAGE] before AddPlumeSourceAsync step 127
[DEBUG] plume params strength=0.08 radius_norm=0.08 swirl=0.02
[DEBUG] plume dims nx/ny/nz/count=64/64/64/262144
[DEBUG] plume radius/cx/cy/cz=5.12/32/9.6/32
[STAGE] after AddPlumeSourceAsync step 127
[STAGE] before AdvanceAsync step 127
[DEBUG] before AdvanceAsync
[DEBUG] after AdvanceAsync
[STAGE] after AdvanceAsync step 127
[STAGE] before ReinitAsync step 127
[DEBUG] before ReinitAsync
[DEBUG] after ReinitAsync
[STAGE] after ReinitAsync step 127
[STAGE] before UpdateBoundary step 128
[DEBUG] before UpdateBoundary
[DEBUG] after UpdateBoundary
[STAGE] after UpdateBoundary step 128
[STAGE] before AddPlumeSourceAsync step 128
[DEBUG] plume params strength=0.08 radius_norm=0.08 swirl=0.02
[DEBUG] plume dims nx/ny/nz/count=64/64/64/262144
[DEBUG] plume radius/cx/cy/cz=5.12/32/9.6/32
[STAGE] after AddPlumeSourceAsync step 128
[STAGE] before AdvanceAsync step 128
[DEBUG] before AdvanceAsync
[DEBUG] after AdvanceAsync
[STAGE] after AdvanceAsync step 128
[STAGE] before ReinitAsync step 128
[DEBUG] before ReinitAsync
[DEBUG] after ReinitAsync
[STAGE] after ReinitAsync step 128
[STAGE] before UpdateBoundary step 129
[DEBUG] before UpdateBoundary
[DEBUG] after UpdateBoundary
[STAGE] after UpdateBoundary step 129
[STAGE] before AddPlumeSourceAsync step 129
[DEBUG] plume params strength=0.08 radius_norm=0.08 swirl=0.02
[DEBUG] plume dims nx/ny/nz/count=64/64/64/262144
[DEBUG] plume radius/cx/cy/cz=5.12/32/9.6/32
[STAGE] after AddPlumeSourceAsync step 129
[STAGE] before AdvanceAsync step 129
[DEBUG] before AdvanceAsync
[DEBUG] after AdvanceAsync
[STAGE] after AdvanceAsync step 129
[STAGE] before ReinitAsync step 129
[DEBUG] before ReinitAsync
[DEBUG] after ReinitAsync
[STAGE] after ReinitAsync step 129
[STAGE] before UpdateBoundary step 130
[DEBUG] before UpdateBoundary
[DEBUG] after UpdateBoundary
[STAGE] after UpdateBoundary step 130
[STAGE] before AddPlumeSourceAsync step 130
[DEBUG] plume params strength=0.08 radius_norm=0.08 swirl=0.02
[DEBUG] plume dims nx/ny/nz/count=64/64/64/262144
[DEBUG] plume radius/cx/cy/cz=5.12/32/9.6/32
[STAGE] after AddPlumeSourceAsync step 130
[STAGE] before AdvanceAsync step 130
[DEBUG] before AdvanceAsync
[DEBUG] after AdvanceAsync
[STAGE] after AdvanceAsync step 130
[STAGE] before ReinitAsync step 130
[DEBUG] before ReinitAsync
[DEBUG] after ReinitAsync
[STAGE] after ReinitAsync step 130
[STAGE] before UpdateBoundary step 131
[DEBUG] before UpdateBoundary
[DEBUG] after UpdateBoundary
[STAGE] after UpdateBoundary step 131
[STAGE] before AddPlumeSourceAsync step 131
[DEBUG] plume params strength=0.08 radius_norm=0.08 swirl=0.02
[DEBUG] plume dims nx/ny/nz/count=64/64/64/262144
[DEBUG] plume radius/cx/cy/cz=5.12/32/9.6/32
[STAGE] after AddPlumeSourceAsync step 131
[STAGE] before AdvanceAsync step 131
[DEBUG] before AdvanceAsync
[DEBUG] after AdvanceAsync
[STAGE] after AdvanceAsync step 131
[STAGE] before ReinitAsync step 131
[DEBUG] before ReinitAsync
[DEBUG] after ReinitAsync
[STAGE] after ReinitAsync step 131
[STAGE] before UpdateBoundary step 132
[DEBUG] before UpdateBoundary
[DEBUG] after UpdateBoundary
[STAGE] after UpdateBoundary step 132
[STAGE] before AddPlumeSourceAsync step 132
[DEBUG] plume params strength=0.08 radius_norm=0.08 swirl=0.02
[DEBUG] plume dims nx/ny/nz/count=64/64/64/262144
[DEBUG] plume radius/cx/cy/cz=5.12/32/9.6/32
[STAGE] after AddPlumeSourceAsync step 132
[STAGE] before AdvanceAsync step 132
[DEBUG] before AdvanceAsync
[DEBUG] after AdvanceAsync
[STAGE] after AdvanceAsync step 132
[STAGE] before ReinitAsync step 132
[DEBUG] before ReinitAsync
[DEBUG] after ReinitAsync
[STAGE] after ReinitAsync step 132
[STAGE] before UpdateBoundary step 133
[DEBUG] before UpdateBoundary
[DEBUG] after UpdateBoundary
[STAGE] after UpdateBoundary step 133
[STAGE] before AddPlumeSourceAsync step 133
[DEBUG] plume params strength=0.08 radius_norm=0.08 swirl=0.02
[DEBUG] plume dims nx/ny/nz/count=64/64/64/262144
[DEBUG] plume radius/cx/cy/cz=5.12/32/9.6/32
[STAGE] after AddPlumeSourceAsync step 133
[STAGE] before AdvanceAsync step 133
[DEBUG] before AdvanceAsync
[DEBUG] after AdvanceAsync
[STAGE] after AdvanceAsync step 133
[STAGE] before ReinitAsync step 133
[DEBUG] before ReinitAsync
[DEBUG] after ReinitAsync
[STAGE] after ReinitAsync step 133
[STAGE] before UpdateBoundary step 134
[DEBUG] before UpdateBoundary
[DEBUG] after UpdateBoundary
[STAGE] after UpdateBoundary step 134
[STAGE] before AddPlumeSourceAsync step 134
[DEBUG] plume params strength=0.08 radius_norm=0.08 swirl=0.02
[DEBUG] plume dims nx/ny/nz/count=64/64/64/262144
[DEBUG] plume radius/cx/cy/cz=5.12/32/9.6/32
[STAGE] after AddPlumeSourceAsync step 134
[STAGE] before AdvanceAsync step 134
[DEBUG] before AdvanceAsync
[DEBUG] after AdvanceAsync
[STAGE] after AdvanceAsync step 134
[STAGE] before ReinitAsync step 134
[DEBUG] before ReinitAsync
[DEBUG] after ReinitAsync
[STAGE] after ReinitAsync step 134
[STAGE] before UpdateBoundary step 135
[DEBUG] before UpdateBoundary
[DEBUG] after UpdateBoundary
[STAGE] after UpdateBoundary step 135
[STAGE] before AddPlumeSourceAsync step 135
[DEBUG] plume params strength=0.08 radius_norm=0.08 swirl=0.02
[DEBUG] plume dims nx/ny/nz/count=64/64/64/262144
[DEBUG] plume radius/cx/cy/cz=5.12/32/9.6/32
[STAGE] after AddPlumeSourceAsync step 135
[STAGE] before AdvanceAsync step 135
[DEBUG] before AdvanceAsync
[DEBUG] after AdvanceAsync
[STAGE] after AdvanceAsync step 135
[STAGE] before ReinitAsync step 135
[DEBUG] before ReinitAsync
[DEBUG] after ReinitAsync
[STAGE] after ReinitAsync step 135
[STAGE] before UpdateBoundary step 136
[DEBUG] before UpdateBoundary
[DEBUG] after UpdateBoundary
[STAGE] after UpdateBoundary step 136
[STAGE] before AddPlumeSourceAsync step 136
[DEBUG] plume params strength=0.08 radius_norm=0.08 swirl=0.02
[DEBUG] plume dims nx/ny/nz/count=64/64/64/262144
[DEBUG] plume radius/cx/cy/cz=5.12/32/9.6/32
[STAGE] after AddPlumeSourceAsync step 136
[STAGE] before AdvanceAsync step 136
[DEBUG] before AdvanceAsync
[DEBUG] after AdvanceAsync
[STAGE] after AdvanceAsync step 136
[STAGE] before ReinitAsync step 136
[DEBUG] before ReinitAsync
[DEBUG] after ReinitAsync
[STAGE] after ReinitAsync step 136
[STAGE] before UpdateBoundary step 137
[DEBUG] before UpdateBoundary
[DEBUG] after UpdateBoundary
[STAGE] after UpdateBoundary step 137
[STAGE] before AddPlumeSourceAsync step 137
[DEBUG] plume params strength=0.08 radius_norm=0.08 swirl=0.02
[DEBUG] plume dims nx/ny/nz/count=64/64/64/262144
[DEBUG] plume radius/cx/cy/cz=5.12/32/9.6/32
[STAGE] after AddPlumeSourceAsync step 137
[STAGE] before AdvanceAsync step 137
[DEBUG] before AdvanceAsync
[DEBUG] after AdvanceAsync
[STAGE] after AdvanceAsync step 137
[STAGE] before ReinitAsync step 137
[DEBUG] before ReinitAsync
[DEBUG] after ReinitAsync
[STAGE] after ReinitAsync step 137
[STAGE] before UpdateBoundary step 138
[DEBUG] before UpdateBoundary
[DEBUG] after UpdateBoundary
[STAGE] after UpdateBoundary step 138
[STAGE] before AddPlumeSourceAsync step 138
[DEBUG] plume params strength=0.08 radius_norm=0.08 swirl=0.02
[DEBUG] plume dims nx/ny/nz/count=64/64/64/262144
[DEBUG] plume radius/cx/cy/cz=5.12/32/9.6/32
[STAGE] after AddPlumeSourceAsync step 138
[STAGE] before AdvanceAsync step 138
[DEBUG] before AdvanceAsync
[DEBUG] after AdvanceAsync
[STAGE] after AdvanceAsync step 138
[STAGE] before ReinitAsync step 138
[DEBUG] before ReinitAsync
[DEBUG] after ReinitAsync
[STAGE] after ReinitAsync step 138
[STAGE] before UpdateBoundary step 139
[DEBUG] before UpdateBoundary
[DEBUG] after UpdateBoundary
[STAGE] after UpdateBoundary step 139
[STAGE] before AddPlumeSourceAsync step 139
[DEBUG] plume params strength=0.08 radius_norm=0.08 swirl=0.02
[DEBUG] plume dims nx/ny/nz/count=64/64/64/262144
[DEBUG] plume radius/cx/cy/cz=5.12/32/9.6/32
[STAGE] after AddPlumeSourceAsync step 139
[STAGE] before AdvanceAsync step 139
[DEBUG] before AdvanceAsync
[DEBUG] after AdvanceAsync
[STAGE] after AdvanceAsync step 139
[STAGE] before ReinitAsync step 139
[DEBUG] before ReinitAsync
[DEBUG] after ReinitAsync
[STAGE] after ReinitAsync step 139
[STAGE] before UpdateBoundary step 140
[DEBUG] before UpdateBoundary
[DEBUG] after UpdateBoundary
[STAGE] after UpdateBoundary step 140
[STAGE] before AddPlumeSourceAsync step 140
[DEBUG] plume params strength=0.08 radius_norm=0.08 swirl=0.02
[DEBUG] plume dims nx/ny/nz/count=64/64/64/262144
[DEBUG] plume radius/cx/cy/cz=5.12/32/9.6/32
[STAGE] after AddPlumeSourceAsync step 140
[STAGE] before AdvanceAsync step 140
[DEBUG] before AdvanceAsync
[DEBUG] after AdvanceAsync
[STAGE] after AdvanceAsync step 140
[STAGE] before ReinitAsync step 140
[DEBUG] before ReinitAsync
[DEBUG] after ReinitAsync
[STAGE] after ReinitAsync step 140
[STAGE] before UpdateBoundary step 141
[DEBUG] before UpdateBoundary
[DEBUG] after UpdateBoundary
[STAGE] after UpdateBoundary step 141
[STAGE] before AddPlumeSourceAsync step 141
[DEBUG] plume params strength=0.08 radius_norm=0.08 swirl=0.02
[DEBUG] plume dims nx/ny/nz/count=64/64/64/262144
[DEBUG] plume radius/cx/cy/cz=5.12/32/9.6/32
[STAGE] after AddPlumeSourceAsync step 141
[STAGE] before AdvanceAsync step 141
[DEBUG] before AdvanceAsync
[DEBUG] after AdvanceAsync
[STAGE] after AdvanceAsync step 141
[STAGE] before ReinitAsync step 141
[DEBUG] before ReinitAsync
[DEBUG] after ReinitAsync
[STAGE] after ReinitAsync step 141
[STAGE] before UpdateBoundary step 142
[DEBUG] before UpdateBoundary
[DEBUG] after UpdateBoundary
[STAGE] after UpdateBoundary step 142
[STAGE] before AddPlumeSourceAsync step 142
[DEBUG] plume params strength=0.08 radius_norm=0.08 swirl=0.02
[DEBUG] plume dims nx/ny/nz/count=64/64/64/262144
[DEBUG] plume radius/cx/cy/cz=5.12/32/9.6/32
[STAGE] after AddPlumeSourceAsync step 142
[STAGE] before AdvanceAsync step 142
[DEBUG] before AdvanceAsync
[DEBUG] after AdvanceAsync
[STAGE] after AdvanceAsync step 142
[STAGE] before ReinitAsync step 142
[DEBUG] before ReinitAsync
[DEBUG] after ReinitAsync
[STAGE] after ReinitAsync step 142
[STAGE] before UpdateBoundary step 143
[DEBUG] before UpdateBoundary
[DEBUG] after UpdateBoundary
[STAGE] after UpdateBoundary step 143
[STAGE] before AddPlumeSourceAsync step 143
[DEBUG] plume params strength=0.08 radius_norm=0.08 swirl=0.02
[DEBUG] plume dims nx/ny/nz/count=64/64/64/262144
[DEBUG] plume radius/cx/cy/cz=5.12/32/9.6/32
[STAGE] after AddPlumeSourceAsync step 143
[STAGE] before AdvanceAsync step 143
[DEBUG] before AdvanceAsync
[DEBUG] after AdvanceAsync
[STAGE] after AdvanceAsync step 143
[STAGE] before ReinitAsync step 143
[DEBUG] before ReinitAsync
[DEBUG] after ReinitAsync
[STAGE] after ReinitAsync step 143
[STAGE] before UpdateBoundary step 144
[DEBUG] before UpdateBoundary
[DEBUG] after UpdateBoundary
[STAGE] after UpdateBoundary step 144
[STAGE] before AddPlumeSourceAsync step 144
[DEBUG] plume params strength=0.08 radius_norm=0.08 swirl=0.02
[DEBUG] plume dims nx/ny/nz/count=64/64/64/262144
[DEBUG] plume radius/cx/cy/cz=5.12/32/9.6/32
[STAGE] after AddPlumeSourceAsync step 144
[STAGE] before AdvanceAsync step 144
[DEBUG] before AdvanceAsync
[DEBUG] after AdvanceAsync
[STAGE] after AdvanceAsync step 144
[STAGE] before ReinitAsync step 144
[DEBUG] before ReinitAsync
[DEBUG] after ReinitAsync
[STAGE] after ReinitAsync step 144
[STAGE] before UpdateBoundary step 145
[DEBUG] before UpdateBoundary
[DEBUG] after UpdateBoundary
[STAGE] after UpdateBoundary step 145
[STAGE] before AddPlumeSourceAsync step 145
[DEBUG] plume params strength=0.08 radius_norm=0.08 swirl=0.02
[DEBUG] plume dims nx/ny/nz/count=64/64/64/262144
[DEBUG] plume radius/cx/cy/cz=5.12/32/9.6/32
[STAGE] after AddPlumeSourceAsync step 145
[STAGE] before AdvanceAsync step 145
[DEBUG] before AdvanceAsync
[DEBUG] after AdvanceAsync
[STAGE] after AdvanceAsync step 145
[STAGE] before ReinitAsync step 145
[DEBUG] before ReinitAsync
[DEBUG] after ReinitAsync
[STAGE] after ReinitAsync step 145
[STAGE] before UpdateBoundary step 146
[DEBUG] before UpdateBoundary
[DEBUG] after UpdateBoundary
[STAGE] after UpdateBoundary step 146
[STAGE] before AddPlumeSourceAsync step 146
[DEBUG] plume params strength=0.08 radius_norm=0.08 swirl=0.02
[DEBUG] plume dims nx/ny/nz/count=64/64/64/262144
[DEBUG] plume radius/cx/cy/cz=5.12/32/9.6/32
[STAGE] after AddPlumeSourceAsync step 146
[STAGE] before AdvanceAsync step 146
[DEBUG] before AdvanceAsync
[DEBUG] after AdvanceAsync
[STAGE] after AdvanceAsync step 146
[STAGE] before ReinitAsync step 146
[DEBUG] before ReinitAsync
[DEBUG] after ReinitAsync
[STAGE] after ReinitAsync step 146
[STAGE] before UpdateBoundary step 147
[DEBUG] before UpdateBoundary
[DEBUG] after UpdateBoundary
[STAGE] after UpdateBoundary step 147
[STAGE] before AddPlumeSourceAsync step 147
[DEBUG] plume params strength=0.08 radius_norm=0.08 swirl=0.02
[DEBUG] plume dims nx/ny/nz/count=64/64/64/262144
[DEBUG] plume radius/cx/cy/cz=5.12/32/9.6/32
[STAGE] after AddPlumeSourceAsync step 147
[STAGE] before AdvanceAsync step 147
[DEBUG] before AdvanceAsync
[DEBUG] after AdvanceAsync
[STAGE] after AdvanceAsync step 147
[STAGE] before ReinitAsync step 147
[DEBUG] before ReinitAsync
[DEBUG] after ReinitAsync
[STAGE] after ReinitAsync step 147
[STAGE] before UpdateBoundary step 148
[DEBUG] before UpdateBoundary
[DEBUG] after UpdateBoundary
[STAGE] after UpdateBoundary step 148
[STAGE] before AddPlumeSourceAsync step 148
[DEBUG] plume params strength=0.08 radius_norm=0.08 swirl=0.02
[DEBUG] plume dims nx/ny/nz/count=64/64/64/262144
[DEBUG] plume radius/cx/cy/cz=5.12/32/9.6/32
[STAGE] after AddPlumeSourceAsync step 148
[STAGE] before AdvanceAsync step 148
[DEBUG] before AdvanceAsync
[DEBUG] after AdvanceAsync
[STAGE] after AdvanceAsync step 148
[STAGE] before ReinitAsync step 148
[DEBUG] before ReinitAsync
[DEBUG] after ReinitAsync
[STAGE] after ReinitAsync step 148
[STAGE] before UpdateBoundary step 149
[DEBUG] before UpdateBoundary
[DEBUG] after UpdateBoundary
[STAGE] after UpdateBoundary step 149
[STAGE] before AddPlumeSourceAsync step 149
[DEBUG] plume params strength=0.08 radius_norm=0.08 swirl=0.02
[DEBUG] plume dims nx/ny/nz/count=64/64/64/262144
[DEBUG] plume radius/cx/cy/cz=5.12/32/9.6/32
[STAGE] after AddPlumeSourceAsync step 149
[STAGE] before AdvanceAsync step 149
[DEBUG] before AdvanceAsync
[DEBUG] after AdvanceAsync
[STAGE] after AdvanceAsync step 149
[STAGE] before ReinitAsync step 149
[DEBUG] before ReinitAsync
[DEBUG] after ReinitAsync
[STAGE] after ReinitAsync step 149
[STAGE] before UpdateBoundary step 150
[DEBUG] before UpdateBoundary
[DEBUG] after UpdateBoundary
[STAGE] after UpdateBoundary step 150
[STAGE] before AddPlumeSourceAsync step 150
[DEBUG] plume params strength=0.08 radius_norm=0.08 swirl=0.02
[DEBUG] plume dims nx/ny/nz/count=64/64/64/262144
[DEBUG] plume radius/cx/cy/cz=5.12/32/9.6/32
[STAGE] after AddPlumeSourceAsync step 150
[STAGE] before AdvanceAsync step 150
[DEBUG] before AdvanceAsync
[DEBUG] after AdvanceAsync
[STAGE] after AdvanceAsync step 150
[STAGE] before ReinitAsync step 150
[DEBUG] before ReinitAsync
[DEBUG] after ReinitAsync
[STAGE] after ReinitAsync step 150
[OFM Headless] Step 151 / 400
[STAGE] before UpdateBoundary step 151
[DEBUG] before UpdateBoundary
[DEBUG] after UpdateBoundary
[STAGE] after UpdateBoundary step 151
[STAGE] before AddPlumeSourceAsync step 151
[DEBUG] plume params strength=0.08 radius_norm=0.08 swirl=0.02
[DEBUG] plume dims nx/ny/nz/count=64/64/64/262144
[DEBUG] plume radius/cx/cy/cz=5.12/32/9.6/32
[STAGE] after AddPlumeSourceAsync step 151
[STAGE] before AdvanceAsync step 151
[DEBUG] before AdvanceAsync
[DEBUG] after AdvanceAsync
[STAGE] after AdvanceAsync step 151
[STAGE] before ReinitAsync step 151
[DEBUG] before ReinitAsync
[DEBUG] after ReinitAsync
[STAGE] after ReinitAsync step 151
[STAGE] before UpdateBoundary step 152
[DEBUG] before UpdateBoundary
[DEBUG] after UpdateBoundary
[STAGE] after UpdateBoundary step 152
[STAGE] before AddPlumeSourceAsync step 152
[DEBUG] plume params strength=0.08 radius_norm=0.08 swirl=0.02
[DEBUG] plume dims nx/ny/nz/count=64/64/64/262144
[DEBUG] plume radius/cx/cy/cz=5.12/32/9.6/32
[STAGE] after AddPlumeSourceAsync step 152
[STAGE] before AdvanceAsync step 152
[DEBUG] before AdvanceAsync
[DEBUG] after AdvanceAsync
[STAGE] after AdvanceAsync step 152
[STAGE] before ReinitAsync step 152
[DEBUG] before ReinitAsync
[DEBUG] after ReinitAsync
[STAGE] after ReinitAsync step 152
[STAGE] before UpdateBoundary step 153
[DEBUG] before UpdateBoundary
[DEBUG] after UpdateBoundary
[STAGE] after UpdateBoundary step 153
[STAGE] before AddPlumeSourceAsync step 153
[DEBUG] plume params strength=0.08 radius_norm=0.08 swirl=0.02
[DEBUG] plume dims nx/ny/nz/count=64/64/64/262144
[DEBUG] plume radius/cx/cy/cz=5.12/32/9.6/32
[STAGE] after AddPlumeSourceAsync step 153
[STAGE] before AdvanceAsync step 153
[DEBUG] before AdvanceAsync
[DEBUG] after AdvanceAsync
[STAGE] after AdvanceAsync step 153
[STAGE] before ReinitAsync step 153
[DEBUG] before ReinitAsync
[DEBUG] after ReinitAsync
[STAGE] after ReinitAsync step 153
[STAGE] before UpdateBoundary step 154
[DEBUG] before UpdateBoundary
[DEBUG] after UpdateBoundary
[STAGE] after UpdateBoundary step 154
[STAGE] before AddPlumeSourceAsync step 154
[DEBUG] plume params strength=0.08 radius_norm=0.08 swirl=0.02
[DEBUG] plume dims nx/ny/nz/count=64/64/64/262144
[DEBUG] plume radius/cx/cy/cz=5.12/32/9.6/32
[STAGE] after AddPlumeSourceAsync step 154
[STAGE] before AdvanceAsync step 154
[DEBUG] before AdvanceAsync
[DEBUG] after AdvanceAsync
[STAGE] after AdvanceAsync step 154
[STAGE] before ReinitAsync step 154
[DEBUG] before ReinitAsync
[DEBUG] after ReinitAsync
[STAGE] after ReinitAsync step 154
[STAGE] before UpdateBoundary step 155
[DEBUG] before UpdateBoundary
[DEBUG] after UpdateBoundary
[STAGE] after UpdateBoundary step 155
[STAGE] before AddPlumeSourceAsync step 155
[DEBUG] plume params strength=0.08 radius_norm=0.08 swirl=0.02
[DEBUG] plume dims nx/ny/nz/count=64/64/64/262144
[DEBUG] plume radius/cx/cy/cz=5.12/32/9.6/32
[STAGE] after AddPlumeSourceAsync step 155
[STAGE] before AdvanceAsync step 155
[DEBUG] before AdvanceAsync
[DEBUG] after AdvanceAsync
[STAGE] after AdvanceAsync step 155
[STAGE] before ReinitAsync step 155
[DEBUG] before ReinitAsync
[DEBUG] after ReinitAsync
[STAGE] after ReinitAsync step 155
[STAGE] before UpdateBoundary step 156
[DEBUG] before UpdateBoundary
[DEBUG] after UpdateBoundary
[STAGE] after UpdateBoundary step 156
[STAGE] before AddPlumeSourceAsync step 156
[DEBUG] plume params strength=0.08 radius_norm=0.08 swirl=0.02
[DEBUG] plume dims nx/ny/nz/count=64/64/64/262144
[DEBUG] plume radius/cx/cy/cz=5.12/32/9.6/32
[STAGE] after AddPlumeSourceAsync step 156
[STAGE] before AdvanceAsync step 156
[DEBUG] before AdvanceAsync
[DEBUG] after AdvanceAsync
[STAGE] after AdvanceAsync step 156
[STAGE] before ReinitAsync step 156
[DEBUG] before ReinitAsync
[DEBUG] after ReinitAsync
[STAGE] after ReinitAsync step 156
[STAGE] before UpdateBoundary step 157
[DEBUG] before UpdateBoundary
[DEBUG] after UpdateBoundary
[STAGE] after UpdateBoundary step 157
[STAGE] before AddPlumeSourceAsync step 157
[DEBUG] plume params strength=0.08 radius_norm=0.08 swirl=0.02
[DEBUG] plume dims nx/ny/nz/count=64/64/64/262144
[DEBUG] plume radius/cx/cy/cz=5.12/32/9.6/32
[STAGE] after AddPlumeSourceAsync step 157
[STAGE] before AdvanceAsync step 157
[DEBUG] before AdvanceAsync
[DEBUG] after AdvanceAsync
[STAGE] after AdvanceAsync step 157
[STAGE] before ReinitAsync step 157
[DEBUG] before ReinitAsync
[DEBUG] after ReinitAsync
[STAGE] after ReinitAsync step 157
[STAGE] before UpdateBoundary step 158
[DEBUG] before UpdateBoundary
[DEBUG] after UpdateBoundary
[STAGE] after UpdateBoundary step 158
[STAGE] before AddPlumeSourceAsync step 158
[DEBUG] plume params strength=0.08 radius_norm=0.08 swirl=0.02
[DEBUG] plume dims nx/ny/nz/count=64/64/64/262144
[DEBUG] plume radius/cx/cy/cz=5.12/32/9.6/32
[STAGE] after AddPlumeSourceAsync step 158
[STAGE] before AdvanceAsync step 158
[DEBUG] before AdvanceAsync
[DEBUG] after AdvanceAsync
[STAGE] after AdvanceAsync step 158
[STAGE] before ReinitAsync step 158
[DEBUG] before ReinitAsync
[DEBUG] after ReinitAsync
[STAGE] after ReinitAsync step 158
[STAGE] before UpdateBoundary step 159
[DEBUG] before UpdateBoundary
[DEBUG] after UpdateBoundary
[STAGE] after UpdateBoundary step 159
[STAGE] before AddPlumeSourceAsync step 159
[DEBUG] plume params strength=0.08 radius_norm=0.08 swirl=0.02
[DEBUG] plume dims nx/ny/nz/count=64/64/64/262144
[DEBUG] plume radius/cx/cy/cz=5.12/32/9.6/32
[STAGE] after AddPlumeSourceAsync step 159
[STAGE] before AdvanceAsync step 159
[DEBUG] before AdvanceAsync
[DEBUG] after AdvanceAsync
[STAGE] after AdvanceAsync step 159
[STAGE] before ReinitAsync step 159
[DEBUG] before ReinitAsync
[DEBUG] after ReinitAsync
[STAGE] after ReinitAsync step 159
[STAGE] before UpdateBoundary step 160
[DEBUG] before UpdateBoundary
[DEBUG] after UpdateBoundary
[STAGE] after UpdateBoundary step 160
[STAGE] before AddPlumeSourceAsync step 160
[DEBUG] plume params strength=0.08 radius_norm=0.08 swirl=0.02
[DEBUG] plume dims nx/ny/nz/count=64/64/64/262144
[DEBUG] plume radius/cx/cy/cz=5.12/32/9.6/32
[STAGE] after AddPlumeSourceAsync step 160
[STAGE] before AdvanceAsync step 160
[DEBUG] before AdvanceAsync
[DEBUG] after AdvanceAsync
[STAGE] after AdvanceAsync step 160
[STAGE] before ReinitAsync step 160
[DEBUG] before ReinitAsync
[DEBUG] after ReinitAsync
[STAGE] after ReinitAsync step 160
[STAGE] before save frame 160
[DEBUG] before cudaStreamSynchronize
[STAGE] before save cudaStreamSynchronize frame 160
[DEBUG] after cudaStreamSynchronize
[STAGE] after save cudaStreamSynchronize frame 160
[DEBUG] save frame=160 path=/gscratch/amath/diwenxu/fire_pfm/ofm_dynamic/proj/dynamic_obstacle_headless/outputs/plume/res64/ps0.08_pr0.08_sw0.02_20260502_082604/vorticity/frame_000160.npy shape=(64,64,64) count=262144 estimated_mb=1
[OFM Headless] Saved vorticity to /gscratch/amath/diwenxu/fire_pfm/ofm_dynamic/proj/dynamic_obstacle_headless/outputs/plume/res64/ps0.08_pr0.08_sw0.02_20260502_082604/vorticity/frame_000160.npy
[STAGE] after save frame 160
[STAGE] before UpdateBoundary step 161
[DEBUG] before UpdateBoundary
[DEBUG] after UpdateBoundary
[STAGE] after UpdateBoundary step 161
[STAGE] before AddPlumeSourceAsync step 161
[DEBUG] plume params strength=0.08 radius_norm=0.08 swirl=0.02
[DEBUG] plume dims nx/ny/nz/count=64/64/64/262144
[DEBUG] plume radius/cx/cy/cz=5.12/32/9.6/32
[STAGE] after AddPlumeSourceAsync step 161
[STAGE] before AdvanceAsync step 161
[DEBUG] before AdvanceAsync
[DEBUG] after AdvanceAsync
[STAGE] after AdvanceAsync step 161
[STAGE] before ReinitAsync step 161
[DEBUG] before ReinitAsync
[DEBUG] after ReinitAsync
[STAGE] after ReinitAsync step 161
[STAGE] before UpdateBoundary step 162
[DEBUG] before UpdateBoundary
[DEBUG] after UpdateBoundary
[STAGE] after UpdateBoundary step 162
[STAGE] before AddPlumeSourceAsync step 162
[DEBUG] plume params strength=0.08 radius_norm=0.08 swirl=0.02
[DEBUG] plume dims nx/ny/nz/count=64/64/64/262144
[DEBUG] plume radius/cx/cy/cz=5.12/32/9.6/32
[STAGE] after AddPlumeSourceAsync step 162
[STAGE] before AdvanceAsync step 162
[DEBUG] before AdvanceAsync
[DEBUG] after AdvanceAsync
[STAGE] after AdvanceAsync step 162
[STAGE] before ReinitAsync step 162
[DEBUG] before ReinitAsync
[DEBUG] after ReinitAsync
[STAGE] after ReinitAsync step 162
[STAGE] before UpdateBoundary step 163
[DEBUG] before UpdateBoundary
[DEBUG] after UpdateBoundary
[STAGE] after UpdateBoundary step 163
[STAGE] before AddPlumeSourceAsync step 163
[DEBUG] plume params strength=0.08 radius_norm=0.08 swirl=0.02
[DEBUG] plume dims nx/ny/nz/count=64/64/64/262144
[DEBUG] plume radius/cx/cy/cz=5.12/32/9.6/32
[STAGE] after AddPlumeSourceAsync step 163
[STAGE] before AdvanceAsync step 163
[DEBUG] before AdvanceAsync
[DEBUG] after AdvanceAsync
[STAGE] after AdvanceAsync step 163
[STAGE] before ReinitAsync step 163
[DEBUG] before ReinitAsync
[DEBUG] after ReinitAsync
[STAGE] after ReinitAsync step 163
[STAGE] before UpdateBoundary step 164
[DEBUG] before UpdateBoundary
[DEBUG] after UpdateBoundary
[STAGE] after UpdateBoundary step 164
[STAGE] before AddPlumeSourceAsync step 164
[DEBUG] plume params strength=0.08 radius_norm=0.08 swirl=0.02
[DEBUG] plume dims nx/ny/nz/count=64/64/64/262144
[DEBUG] plume radius/cx/cy/cz=5.12/32/9.6/32
[STAGE] after AddPlumeSourceAsync step 164
[STAGE] before AdvanceAsync step 164
[DEBUG] before AdvanceAsync
[DEBUG] after AdvanceAsync
[STAGE] after AdvanceAsync step 164
[STAGE] before ReinitAsync step 164
[DEBUG] before ReinitAsync
[DEBUG] after ReinitAsync
[STAGE] after ReinitAsync step 164
[STAGE] before UpdateBoundary step 165
[DEBUG] before UpdateBoundary
[DEBUG] after UpdateBoundary
[STAGE] after UpdateBoundary step 165
[STAGE] before AddPlumeSourceAsync step 165
[DEBUG] plume params strength=0.08 radius_norm=0.08 swirl=0.02
[DEBUG] plume dims nx/ny/nz/count=64/64/64/262144
[DEBUG] plume radius/cx/cy/cz=5.12/32/9.6/32
[STAGE] after AddPlumeSourceAsync step 165
[STAGE] before AdvanceAsync step 165
[DEBUG] before AdvanceAsync
[DEBUG] after AdvanceAsync
[STAGE] after AdvanceAsync step 165
[STAGE] before ReinitAsync step 165
[DEBUG] before ReinitAsync
[DEBUG] after ReinitAsync
[STAGE] after ReinitAsync step 165
[STAGE] before UpdateBoundary step 166
[DEBUG] before UpdateBoundary
[DEBUG] after UpdateBoundary
[STAGE] after UpdateBoundary step 166
[STAGE] before AddPlumeSourceAsync step 166
[DEBUG] plume params strength=0.08 radius_norm=0.08 swirl=0.02
[DEBUG] plume dims nx/ny/nz/count=64/64/64/262144
[DEBUG] plume radius/cx/cy/cz=5.12/32/9.6/32
[STAGE] after AddPlumeSourceAsync step 166
[STAGE] before AdvanceAsync step 166
[DEBUG] before AdvanceAsync
[DEBUG] after AdvanceAsync
[STAGE] after AdvanceAsync step 166
[STAGE] before ReinitAsync step 166
[DEBUG] before ReinitAsync
[DEBUG] after ReinitAsync
[STAGE] after ReinitAsync step 166
[STAGE] before UpdateBoundary step 167
[DEBUG] before UpdateBoundary
[DEBUG] after UpdateBoundary
[STAGE] after UpdateBoundary step 167
[STAGE] before AddPlumeSourceAsync step 167
[DEBUG] plume params strength=0.08 radius_norm=0.08 swirl=0.02
[DEBUG] plume dims nx/ny/nz/count=64/64/64/262144
[DEBUG] plume radius/cx/cy/cz=5.12/32/9.6/32
[STAGE] after AddPlumeSourceAsync step 167
[STAGE] before AdvanceAsync step 167
[DEBUG] before AdvanceAsync
[DEBUG] after AdvanceAsync
[STAGE] after AdvanceAsync step 167
[STAGE] before ReinitAsync step 167
[DEBUG] before ReinitAsync
[DEBUG] after ReinitAsync
[STAGE] after ReinitAsync step 167
[STAGE] before UpdateBoundary step 168
[DEBUG] before UpdateBoundary
[DEBUG] after UpdateBoundary
[STAGE] after UpdateBoundary step 168
[STAGE] before AddPlumeSourceAsync step 168
[DEBUG] plume params strength=0.08 radius_norm=0.08 swirl=0.02
[DEBUG] plume dims nx/ny/nz/count=64/64/64/262144
[DEBUG] plume radius/cx/cy/cz=5.12/32/9.6/32
[STAGE] after AddPlumeSourceAsync step 168
[STAGE] before AdvanceAsync step 168
[DEBUG] before AdvanceAsync
[DEBUG] after AdvanceAsync
[STAGE] after AdvanceAsync step 168
[STAGE] before ReinitAsync step 168
[DEBUG] before ReinitAsync
[DEBUG] after ReinitAsync
[STAGE] after ReinitAsync step 168
[STAGE] before UpdateBoundary step 169
[DEBUG] before UpdateBoundary
[DEBUG] after UpdateBoundary
[STAGE] after UpdateBoundary step 169
[STAGE] before AddPlumeSourceAsync step 169
[DEBUG] plume params strength=0.08 radius_norm=0.08 swirl=0.02
[DEBUG] plume dims nx/ny/nz/count=64/64/64/262144
[DEBUG] plume radius/cx/cy/cz=5.12/32/9.6/32
[STAGE] after AddPlumeSourceAsync step 169
[STAGE] before AdvanceAsync step 169
[DEBUG] before AdvanceAsync
[DEBUG] after AdvanceAsync
[STAGE] after AdvanceAsync step 169
[STAGE] before ReinitAsync step 169
[DEBUG] before ReinitAsync
[DEBUG] after ReinitAsync
[STAGE] after ReinitAsync step 169
[STAGE] before UpdateBoundary step 170
[DEBUG] before UpdateBoundary
[DEBUG] after UpdateBoundary
[STAGE] after UpdateBoundary step 170
[STAGE] before AddPlumeSourceAsync step 170
[DEBUG] plume params strength=0.08 radius_norm=0.08 swirl=0.02
[DEBUG] plume dims nx/ny/nz/count=64/64/64/262144
[DEBUG] plume radius/cx/cy/cz=5.12/32/9.6/32
[STAGE] after AddPlumeSourceAsync step 170
[STAGE] before AdvanceAsync step 170
[DEBUG] before AdvanceAsync
[DEBUG] after AdvanceAsync
[STAGE] after AdvanceAsync step 170
[STAGE] before ReinitAsync step 170
[DEBUG] before ReinitAsync
[DEBUG] after ReinitAsync
[STAGE] after ReinitAsync step 170
[STAGE] before UpdateBoundary step 171
[DEBUG] before UpdateBoundary
[DEBUG] after UpdateBoundary
[STAGE] after UpdateBoundary step 171
[STAGE] before AddPlumeSourceAsync step 171
[DEBUG] plume params strength=0.08 radius_norm=0.08 swirl=0.02
[DEBUG] plume dims nx/ny/nz/count=64/64/64/262144
[DEBUG] plume radius/cx/cy/cz=5.12/32/9.6/32
[STAGE] after AddPlumeSourceAsync step 171
[STAGE] before AdvanceAsync step 171
[DEBUG] before AdvanceAsync
[DEBUG] after AdvanceAsync
[STAGE] after AdvanceAsync step 171
[STAGE] before ReinitAsync step 171
[DEBUG] before ReinitAsync
[DEBUG] after ReinitAsync
[STAGE] after ReinitAsync step 171
[STAGE] before UpdateBoundary step 172
[DEBUG] before UpdateBoundary
[DEBUG] after UpdateBoundary
[STAGE] after UpdateBoundary step 172
[STAGE] before AddPlumeSourceAsync step 172
[DEBUG] plume params strength=0.08 radius_norm=0.08 swirl=0.02
[DEBUG] plume dims nx/ny/nz/count=64/64/64/262144
[DEBUG] plume radius/cx/cy/cz=5.12/32/9.6/32
[STAGE] after AddPlumeSourceAsync step 172
[STAGE] before AdvanceAsync step 172
[DEBUG] before AdvanceAsync
[DEBUG] after AdvanceAsync
[STAGE] after AdvanceAsync step 172
[STAGE] before ReinitAsync step 172
[DEBUG] before ReinitAsync
[DEBUG] after ReinitAsync
[STAGE] after ReinitAsync step 172
[STAGE] before UpdateBoundary step 173
[DEBUG] before UpdateBoundary
[DEBUG] after UpdateBoundary
[STAGE] after UpdateBoundary step 173
[STAGE] before AddPlumeSourceAsync step 173
[DEBUG] plume params strength=0.08 radius_norm=0.08 swirl=0.02
[DEBUG] plume dims nx/ny/nz/count=64/64/64/262144
[DEBUG] plume radius/cx/cy/cz=5.12/32/9.6/32
[STAGE] after AddPlumeSourceAsync step 173
[STAGE] before AdvanceAsync step 173
[DEBUG] before AdvanceAsync
[DEBUG] after AdvanceAsync
[STAGE] after AdvanceAsync step 173
[STAGE] before ReinitAsync step 173
[DEBUG] before ReinitAsync
[DEBUG] after ReinitAsync
[STAGE] after ReinitAsync step 173
[STAGE] before UpdateBoundary step 174
[DEBUG] before UpdateBoundary
[DEBUG] after UpdateBoundary
[STAGE] after UpdateBoundary step 174
[STAGE] before AddPlumeSourceAsync step 174
[DEBUG] plume params strength=0.08 radius_norm=0.08 swirl=0.02
[DEBUG] plume dims nx/ny/nz/count=64/64/64/262144
[DEBUG] plume radius/cx/cy/cz=5.12/32/9.6/32
[STAGE] after AddPlumeSourceAsync step 174
[STAGE] before AdvanceAsync step 174
[DEBUG] before AdvanceAsync
[DEBUG] after AdvanceAsync
[STAGE] after AdvanceAsync step 174
[STAGE] before ReinitAsync step 174
[DEBUG] before ReinitAsync
[DEBUG] after ReinitAsync
[STAGE] after ReinitAsync step 174
[STAGE] before UpdateBoundary step 175
[DEBUG] before UpdateBoundary
[DEBUG] after UpdateBoundary
[STAGE] after UpdateBoundary step 175
[STAGE] before AddPlumeSourceAsync step 175
[DEBUG] plume params strength=0.08 radius_norm=0.08 swirl=0.02
[DEBUG] plume dims nx/ny/nz/count=64/64/64/262144
[DEBUG] plume radius/cx/cy/cz=5.12/32/9.6/32
[STAGE] after AddPlumeSourceAsync step 175
[STAGE] before AdvanceAsync step 175
[DEBUG] before AdvanceAsync
[DEBUG] after AdvanceAsync
[STAGE] after AdvanceAsync step 175
[STAGE] before ReinitAsync step 175
[DEBUG] before ReinitAsync
[DEBUG] after ReinitAsync
[STAGE] after ReinitAsync step 175
[STAGE] before UpdateBoundary step 176
[DEBUG] before UpdateBoundary
[DEBUG] after UpdateBoundary
[STAGE] after UpdateBoundary step 176
[STAGE] before AddPlumeSourceAsync step 176
[DEBUG] plume params strength=0.08 radius_norm=0.08 swirl=0.02
[DEBUG] plume dims nx/ny/nz/count=64/64/64/262144
[DEBUG] plume radius/cx/cy/cz=5.12/32/9.6/32
[STAGE] after AddPlumeSourceAsync step 176
[STAGE] before AdvanceAsync step 176
[DEBUG] before AdvanceAsync
[DEBUG] after AdvanceAsync
[STAGE] after AdvanceAsync step 176
[STAGE] before ReinitAsync step 176
[DEBUG] before ReinitAsync
[DEBUG] after ReinitAsync
[STAGE] after ReinitAsync step 176
[STAGE] before UpdateBoundary step 177
[DEBUG] before UpdateBoundary
[DEBUG] after UpdateBoundary
[STAGE] after UpdateBoundary step 177
[STAGE] before AddPlumeSourceAsync step 177
[DEBUG] plume params strength=0.08 radius_norm=0.08 swirl=0.02
[DEBUG] plume dims nx/ny/nz/count=64/64/64/262144
[DEBUG] plume radius/cx/cy/cz=5.12/32/9.6/32
[STAGE] after AddPlumeSourceAsync step 177
[STAGE] before AdvanceAsync step 177
[DEBUG] before AdvanceAsync
[DEBUG] after AdvanceAsync
[STAGE] after AdvanceAsync step 177
[STAGE] before ReinitAsync step 177
[DEBUG] before ReinitAsync
[DEBUG] after ReinitAsync
[STAGE] after ReinitAsync step 177
[STAGE] before UpdateBoundary step 178
[DEBUG] before UpdateBoundary
[DEBUG] after UpdateBoundary
[STAGE] after UpdateBoundary step 178
[STAGE] before AddPlumeSourceAsync step 178
[DEBUG] plume params strength=0.08 radius_norm=0.08 swirl=0.02
[DEBUG] plume dims nx/ny/nz/count=64/64/64/262144
[DEBUG] plume radius/cx/cy/cz=5.12/32/9.6/32
[STAGE] after AddPlumeSourceAsync step 178
[STAGE] before AdvanceAsync step 178
[DEBUG] before AdvanceAsync
[DEBUG] after AdvanceAsync
[STAGE] after AdvanceAsync step 178
[STAGE] before ReinitAsync step 178
[DEBUG] before ReinitAsync
[DEBUG] after ReinitAsync
[STAGE] after ReinitAsync step 178
[STAGE] before UpdateBoundary step 179
[DEBUG] before UpdateBoundary
[DEBUG] after UpdateBoundary
[STAGE] after UpdateBoundary step 179
[STAGE] before AddPlumeSourceAsync step 179
[DEBUG] plume params strength=0.08 radius_norm=0.08 swirl=0.02
[DEBUG] plume dims nx/ny/nz/count=64/64/64/262144
[DEBUG] plume radius/cx/cy/cz=5.12/32/9.6/32
[STAGE] after AddPlumeSourceAsync step 179
[STAGE] before AdvanceAsync step 179
[DEBUG] before AdvanceAsync
[DEBUG] after AdvanceAsync
[STAGE] after AdvanceAsync step 179
[STAGE] before ReinitAsync step 179
[DEBUG] before ReinitAsync
[DEBUG] after ReinitAsync
[STAGE] after ReinitAsync step 179
[STAGE] before UpdateBoundary step 180
[DEBUG] before UpdateBoundary
[DEBUG] after UpdateBoundary
[STAGE] after UpdateBoundary step 180
[STAGE] before AddPlumeSourceAsync step 180
[DEBUG] plume params strength=0.08 radius_norm=0.08 swirl=0.02
[DEBUG] plume dims nx/ny/nz/count=64/64/64/262144
[DEBUG] plume radius/cx/cy/cz=5.12/32/9.6/32
[STAGE] after AddPlumeSourceAsync step 180
[STAGE] before AdvanceAsync step 180
[DEBUG] before AdvanceAsync
[DEBUG] after AdvanceAsync
[STAGE] after AdvanceAsync step 180
[STAGE] before ReinitAsync step 180
[DEBUG] before ReinitAsync
[DEBUG] after ReinitAsync
[STAGE] after ReinitAsync step 180
[STAGE] before UpdateBoundary step 181
[DEBUG] before UpdateBoundary
[DEBUG] after UpdateBoundary
[STAGE] after UpdateBoundary step 181
[STAGE] before AddPlumeSourceAsync step 181
[DEBUG] plume params strength=0.08 radius_norm=0.08 swirl=0.02
[DEBUG] plume dims nx/ny/nz/count=64/64/64/262144
[DEBUG] plume radius/cx/cy/cz=5.12/32/9.6/32
[STAGE] after AddPlumeSourceAsync step 181
[STAGE] before AdvanceAsync step 181
[DEBUG] before AdvanceAsync
[DEBUG] after AdvanceAsync
[STAGE] after AdvanceAsync step 181
[STAGE] before ReinitAsync step 181
[DEBUG] before ReinitAsync
[DEBUG] after ReinitAsync
[STAGE] after ReinitAsync step 181
[STAGE] before UpdateBoundary step 182
[DEBUG] before UpdateBoundary
[DEBUG] after UpdateBoundary
[STAGE] after UpdateBoundary step 182
[STAGE] before AddPlumeSourceAsync step 182
[DEBUG] plume params strength=0.08 radius_norm=0.08 swirl=0.02
[DEBUG] plume dims nx/ny/nz/count=64/64/64/262144
[DEBUG] plume radius/cx/cy/cz=5.12/32/9.6/32
[STAGE] after AddPlumeSourceAsync step 182
[STAGE] before AdvanceAsync step 182
[DEBUG] before AdvanceAsync
[DEBUG] after AdvanceAsync
[STAGE] after AdvanceAsync step 182
[STAGE] before ReinitAsync step 182
[DEBUG] before ReinitAsync
[DEBUG] after ReinitAsync
[STAGE] after ReinitAsync step 182
[STAGE] before UpdateBoundary step 183
[DEBUG] before UpdateBoundary
[DEBUG] after UpdateBoundary
[STAGE] after UpdateBoundary step 183
[STAGE] before AddPlumeSourceAsync step 183
[DEBUG] plume params strength=0.08 radius_norm=0.08 swirl=0.02
[DEBUG] plume dims nx/ny/nz/count=64/64/64/262144
[DEBUG] plume radius/cx/cy/cz=5.12/32/9.6/32
[STAGE] after AddPlumeSourceAsync step 183
[STAGE] before AdvanceAsync step 183
[DEBUG] before AdvanceAsync
[DEBUG] after AdvanceAsync
[STAGE] after AdvanceAsync step 183
[STAGE] before ReinitAsync step 183
[DEBUG] before ReinitAsync
[DEBUG] after ReinitAsync
[STAGE] after ReinitAsync step 183
[STAGE] before UpdateBoundary step 184
[DEBUG] before UpdateBoundary
[DEBUG] after UpdateBoundary
[STAGE] after UpdateBoundary step 184
[STAGE] before AddPlumeSourceAsync step 184
[DEBUG] plume params strength=0.08 radius_norm=0.08 swirl=0.02
[DEBUG] plume dims nx/ny/nz/count=64/64/64/262144
[DEBUG] plume radius/cx/cy/cz=5.12/32/9.6/32
[STAGE] after AddPlumeSourceAsync step 184
[STAGE] before AdvanceAsync step 184
[DEBUG] before AdvanceAsync
[DEBUG] after AdvanceAsync
[STAGE] after AdvanceAsync step 184
[STAGE] before ReinitAsync step 184
[DEBUG] before ReinitAsync
[DEBUG] after ReinitAsync
[STAGE] after ReinitAsync step 184
[STAGE] before UpdateBoundary step 185
[DEBUG] before UpdateBoundary
[DEBUG] after UpdateBoundary
[STAGE] after UpdateBoundary step 185
[STAGE] before AddPlumeSourceAsync step 185
[DEBUG] plume params strength=0.08 radius_norm=0.08 swirl=0.02
[DEBUG] plume dims nx/ny/nz/count=64/64/64/262144
[DEBUG] plume radius/cx/cy/cz=5.12/32/9.6/32
[STAGE] after AddPlumeSourceAsync step 185
[STAGE] before AdvanceAsync step 185
[DEBUG] before AdvanceAsync
[DEBUG] after AdvanceAsync
[STAGE] after AdvanceAsync step 185
[STAGE] before ReinitAsync step 185
[DEBUG] before ReinitAsync
[DEBUG] after ReinitAsync
[STAGE] after ReinitAsync step 185
[STAGE] before UpdateBoundary step 186
[DEBUG] before UpdateBoundary
[DEBUG] after UpdateBoundary
[STAGE] after UpdateBoundary step 186
[STAGE] before AddPlumeSourceAsync step 186
[DEBUG] plume params strength=0.08 radius_norm=0.08 swirl=0.02
[DEBUG] plume dims nx/ny/nz/count=64/64/64/262144
[DEBUG] plume radius/cx/cy/cz=5.12/32/9.6/32
[STAGE] after AddPlumeSourceAsync step 186
[STAGE] before AdvanceAsync step 186
[DEBUG] before AdvanceAsync
[DEBUG] after AdvanceAsync
[STAGE] after AdvanceAsync step 186
[STAGE] before ReinitAsync step 186
[DEBUG] before ReinitAsync
[DEBUG] after ReinitAsync
[STAGE] after ReinitAsync step 186
[STAGE] before UpdateBoundary step 187
[DEBUG] before UpdateBoundary
[DEBUG] after UpdateBoundary
[STAGE] after UpdateBoundary step 187
[STAGE] before AddPlumeSourceAsync step 187
[DEBUG] plume params strength=0.08 radius_norm=0.08 swirl=0.02
[DEBUG] plume dims nx/ny/nz/count=64/64/64/262144
[DEBUG] plume radius/cx/cy/cz=5.12/32/9.6/32
[STAGE] after AddPlumeSourceAsync step 187
[STAGE] before AdvanceAsync step 187
[DEBUG] before AdvanceAsync
[DEBUG] after AdvanceAsync
[STAGE] after AdvanceAsync step 187
[STAGE] before ReinitAsync step 187
[DEBUG] before ReinitAsync
[DEBUG] after ReinitAsync
[STAGE] after ReinitAsync step 187
[STAGE] before UpdateBoundary step 188
[DEBUG] before UpdateBoundary
[DEBUG] after UpdateBoundary
[STAGE] after UpdateBoundary step 188
[STAGE] before AddPlumeSourceAsync step 188
[DEBUG] plume params strength=0.08 radius_norm=0.08 swirl=0.02
[DEBUG] plume dims nx/ny/nz/count=64/64/64/262144
[DEBUG] plume radius/cx/cy/cz=5.12/32/9.6/32
[STAGE] after AddPlumeSourceAsync step 188
[STAGE] before AdvanceAsync step 188
[DEBUG] before AdvanceAsync
[DEBUG] after AdvanceAsync
[STAGE] after AdvanceAsync step 188
[STAGE] before ReinitAsync step 188
[DEBUG] before ReinitAsync
[DEBUG] after ReinitAsync
[STAGE] after ReinitAsync step 188
[STAGE] before UpdateBoundary step 189
[DEBUG] before UpdateBoundary
[DEBUG] after UpdateBoundary
[STAGE] after UpdateBoundary step 189
[STAGE] before AddPlumeSourceAsync step 189
[DEBUG] plume params strength=0.08 radius_norm=0.08 swirl=0.02
[DEBUG] plume dims nx/ny/nz/count=64/64/64/262144
[DEBUG] plume radius/cx/cy/cz=5.12/32/9.6/32
[STAGE] after AddPlumeSourceAsync step 189
[STAGE] before AdvanceAsync step 189
[DEBUG] before AdvanceAsync
[DEBUG] after AdvanceAsync
[STAGE] after AdvanceAsync step 189
[STAGE] before ReinitAsync step 189
[DEBUG] before ReinitAsync
[DEBUG] after ReinitAsync
[STAGE] after ReinitAsync step 189
[STAGE] before UpdateBoundary step 190
[DEBUG] before UpdateBoundary
[DEBUG] after UpdateBoundary
[STAGE] after UpdateBoundary step 190
[STAGE] before AddPlumeSourceAsync step 190
[DEBUG] plume params strength=0.08 radius_norm=0.08 swirl=0.02
[DEBUG] plume dims nx/ny/nz/count=64/64/64/262144
[DEBUG] plume radius/cx/cy/cz=5.12/32/9.6/32
[STAGE] after AddPlumeSourceAsync step 190
[STAGE] before AdvanceAsync step 190
[DEBUG] before AdvanceAsync
[DEBUG] after AdvanceAsync
[STAGE] after AdvanceAsync step 190
[STAGE] before ReinitAsync step 190
[DEBUG] before ReinitAsync
[DEBUG] after ReinitAsync
[STAGE] after ReinitAsync step 190
[STAGE] before UpdateBoundary step 191
[DEBUG] before UpdateBoundary
[DEBUG] after UpdateBoundary
[STAGE] after UpdateBoundary step 191
[STAGE] before AddPlumeSourceAsync step 191
[DEBUG] plume params strength=0.08 radius_norm=0.08 swirl=0.02
[DEBUG] plume dims nx/ny/nz/count=64/64/64/262144
[DEBUG] plume radius/cx/cy/cz=5.12/32/9.6/32
[STAGE] after AddPlumeSourceAsync step 191
[STAGE] before AdvanceAsync step 191
[DEBUG] before AdvanceAsync
[DEBUG] after AdvanceAsync
[STAGE] after AdvanceAsync step 191
[STAGE] before ReinitAsync step 191
[DEBUG] before ReinitAsync
[DEBUG] after ReinitAsync
[STAGE] after ReinitAsync step 191
[STAGE] before UpdateBoundary step 192
[DEBUG] before UpdateBoundary
[DEBUG] after UpdateBoundary
[STAGE] after UpdateBoundary step 192
[STAGE] before AddPlumeSourceAsync step 192
[DEBUG] plume params strength=0.08 radius_norm=0.08 swirl=0.02
[DEBUG] plume dims nx/ny/nz/count=64/64/64/262144
[DEBUG] plume radius/cx/cy/cz=5.12/32/9.6/32
[STAGE] after AddPlumeSourceAsync step 192
[STAGE] before AdvanceAsync step 192
[DEBUG] before AdvanceAsync
[DEBUG] after AdvanceAsync
[STAGE] after AdvanceAsync step 192
[STAGE] before ReinitAsync step 192
[DEBUG] before ReinitAsync
[DEBUG] after ReinitAsync
[STAGE] after ReinitAsync step 192
[STAGE] before UpdateBoundary step 193
[DEBUG] before UpdateBoundary
[DEBUG] after UpdateBoundary
[STAGE] after UpdateBoundary step 193
[STAGE] before AddPlumeSourceAsync step 193
[DEBUG] plume params strength=0.08 radius_norm=0.08 swirl=0.02
[DEBUG] plume dims nx/ny/nz/count=64/64/64/262144
[DEBUG] plume radius/cx/cy/cz=5.12/32/9.6/32
[STAGE] after AddPlumeSourceAsync step 193
[STAGE] before AdvanceAsync step 193
[DEBUG] before AdvanceAsync
[DEBUG] after AdvanceAsync
[STAGE] after AdvanceAsync step 193
[STAGE] before ReinitAsync step 193
[DEBUG] before ReinitAsync
[DEBUG] after ReinitAsync
[STAGE] after ReinitAsync step 193
[STAGE] before UpdateBoundary step 194
[DEBUG] before UpdateBoundary
[DEBUG] after UpdateBoundary
[STAGE] after UpdateBoundary step 194
[STAGE] before AddPlumeSourceAsync step 194
[DEBUG] plume params strength=0.08 radius_norm=0.08 swirl=0.02
[DEBUG] plume dims nx/ny/nz/count=64/64/64/262144
[DEBUG] plume radius/cx/cy/cz=5.12/32/9.6/32
[STAGE] after AddPlumeSourceAsync step 194
[STAGE] before AdvanceAsync step 194
[DEBUG] before AdvanceAsync
[DEBUG] after AdvanceAsync
[STAGE] after AdvanceAsync step 194
[STAGE] before ReinitAsync step 194
[DEBUG] before ReinitAsync
[DEBUG] after ReinitAsync
[STAGE] after ReinitAsync step 194
[STAGE] before UpdateBoundary step 195
[DEBUG] before UpdateBoundary
[DEBUG] after UpdateBoundary
[STAGE] after UpdateBoundary step 195
[STAGE] before AddPlumeSourceAsync step 195
[DEBUG] plume params strength=0.08 radius_norm=0.08 swirl=0.02
[DEBUG] plume dims nx/ny/nz/count=64/64/64/262144
[DEBUG] plume radius/cx/cy/cz=5.12/32/9.6/32
[STAGE] after AddPlumeSourceAsync step 195
[STAGE] before AdvanceAsync step 195
[DEBUG] before AdvanceAsync
[DEBUG] after AdvanceAsync
[STAGE] after AdvanceAsync step 195
[STAGE] before ReinitAsync step 195
[DEBUG] before ReinitAsync
[DEBUG] after ReinitAsync
[STAGE] after ReinitAsync step 195
[STAGE] before UpdateBoundary step 196
[DEBUG] before UpdateBoundary
[DEBUG] after UpdateBoundary
[STAGE] after UpdateBoundary step 196
[STAGE] before AddPlumeSourceAsync step 196
[DEBUG] plume params strength=0.08 radius_norm=0.08 swirl=0.02
[DEBUG] plume dims nx/ny/nz/count=64/64/64/262144
[DEBUG] plume radius/cx/cy/cz=5.12/32/9.6/32
[STAGE] after AddPlumeSourceAsync step 196
[STAGE] before AdvanceAsync step 196
[DEBUG] before AdvanceAsync
[DEBUG] after AdvanceAsync
[STAGE] after AdvanceAsync step 196
[STAGE] before ReinitAsync step 196
[DEBUG] before ReinitAsync
[DEBUG] after ReinitAsync
[STAGE] after ReinitAsync step 196
[STAGE] before UpdateBoundary step 197
[DEBUG] before UpdateBoundary
[DEBUG] after UpdateBoundary
[STAGE] after UpdateBoundary step 197
[STAGE] before AddPlumeSourceAsync step 197
[DEBUG] plume params strength=0.08 radius_norm=0.08 swirl=0.02
[DEBUG] plume dims nx/ny/nz/count=64/64/64/262144
[DEBUG] plume radius/cx/cy/cz=5.12/32/9.6/32
[STAGE] after AddPlumeSourceAsync step 197
[STAGE] before AdvanceAsync step 197
[DEBUG] before AdvanceAsync
[DEBUG] after AdvanceAsync
[STAGE] after AdvanceAsync step 197
[STAGE] before ReinitAsync step 197
[DEBUG] before ReinitAsync
[DEBUG] after ReinitAsync
[STAGE] after ReinitAsync step 197
[STAGE] before UpdateBoundary step 198
[DEBUG] before UpdateBoundary
[DEBUG] after UpdateBoundary
[STAGE] after UpdateBoundary step 198
[STAGE] before AddPlumeSourceAsync step 198
[DEBUG] plume params strength=0.08 radius_norm=0.08 swirl=0.02
[DEBUG] plume dims nx/ny/nz/count=64/64/64/262144
[DEBUG] plume radius/cx/cy/cz=5.12/32/9.6/32
[STAGE] after AddPlumeSourceAsync step 198
[STAGE] before AdvanceAsync step 198
[DEBUG] before AdvanceAsync
[DEBUG] after AdvanceAsync
[STAGE] after AdvanceAsync step 198
[STAGE] before ReinitAsync step 198
[DEBUG] before ReinitAsync
[DEBUG] after ReinitAsync
[STAGE] after ReinitAsync step 198
[STAGE] before UpdateBoundary step 199
[DEBUG] before UpdateBoundary
[DEBUG] after UpdateBoundary
[STAGE] after UpdateBoundary step 199
[STAGE] before AddPlumeSourceAsync step 199
[DEBUG] plume params strength=0.08 radius_norm=0.08 swirl=0.02
[DEBUG] plume dims nx/ny/nz/count=64/64/64/262144
[DEBUG] plume radius/cx/cy/cz=5.12/32/9.6/32
[STAGE] after AddPlumeSourceAsync step 199
[STAGE] before AdvanceAsync step 199
[DEBUG] before AdvanceAsync
[DEBUG] after AdvanceAsync
[STAGE] after AdvanceAsync step 199
[STAGE] before ReinitAsync step 199
[DEBUG] before ReinitAsync
[DEBUG] after ReinitAsync
[STAGE] after ReinitAsync step 199
[STAGE] before UpdateBoundary step 200
[DEBUG] before UpdateBoundary
[DEBUG] after UpdateBoundary
[STAGE] after UpdateBoundary step 200
[STAGE] before AddPlumeSourceAsync step 200
[DEBUG] plume params strength=0.08 radius_norm=0.08 swirl=0.02
[DEBUG] plume dims nx/ny/nz/count=64/64/64/262144
[DEBUG] plume radius/cx/cy/cz=5.12/32/9.6/32
[STAGE] after AddPlumeSourceAsync step 200
[STAGE] before AdvanceAsync step 200
[DEBUG] before AdvanceAsync
[DEBUG] after AdvanceAsync
[STAGE] after AdvanceAsync step 200
[STAGE] before ReinitAsync step 200
[DEBUG] before ReinitAsync
[DEBUG] after ReinitAsync
[STAGE] after ReinitAsync step 200
[STAGE] before save frame 200
[DEBUG] before cudaStreamSynchronize
[STAGE] before save cudaStreamSynchronize frame 200
[DEBUG] after cudaStreamSynchronize
[STAGE] after save cudaStreamSynchronize frame 200
[DEBUG] save frame=200 path=/gscratch/amath/diwenxu/fire_pfm/ofm_dynamic/proj/dynamic_obstacle_headless/outputs/plume/res64/ps0.08_pr0.08_sw0.02_20260502_082604/vorticity/frame_000200.npy shape=(64,64,64) count=262144 estimated_mb=1
[OFM Headless] Saved vorticity to /gscratch/amath/diwenxu/fire_pfm/ofm_dynamic/proj/dynamic_obstacle_headless/outputs/plume/res64/ps0.08_pr0.08_sw0.02_20260502_082604/vorticity/frame_000200.npy
[STAGE] after save frame 200
[OFM Headless] Step 201 / 400
[STAGE] before UpdateBoundary step 201
[DEBUG] before UpdateBoundary
[DEBUG] after UpdateBoundary
[STAGE] after UpdateBoundary step 201
[STAGE] before AddPlumeSourceAsync step 201
[DEBUG] plume params strength=0.08 radius_norm=0.08 swirl=0.02
[DEBUG] plume dims nx/ny/nz/count=64/64/64/262144
[DEBUG] plume radius/cx/cy/cz=5.12/32/9.6/32
[STAGE] after AddPlumeSourceAsync step 201
[STAGE] before AdvanceAsync step 201
[DEBUG] before AdvanceAsync
[DEBUG] after AdvanceAsync
[STAGE] after AdvanceAsync step 201
[STAGE] before ReinitAsync step 201
[DEBUG] before ReinitAsync
[DEBUG] after ReinitAsync
[STAGE] after ReinitAsync step 201
[STAGE] before UpdateBoundary step 202
[DEBUG] before UpdateBoundary
[DEBUG] after UpdateBoundary
[STAGE] after UpdateBoundary step 202
[STAGE] before AddPlumeSourceAsync step 202
[DEBUG] plume params strength=0.08 radius_norm=0.08 swirl=0.02
[DEBUG] plume dims nx/ny/nz/count=64/64/64/262144
[DEBUG] plume radius/cx/cy/cz=5.12/32/9.6/32
[STAGE] after AddPlumeSourceAsync step 202
[STAGE] before AdvanceAsync step 202
[DEBUG] before AdvanceAsync
[DEBUG] after AdvanceAsync
[STAGE] after AdvanceAsync step 202
[STAGE] before ReinitAsync step 202
[DEBUG] before ReinitAsync
[DEBUG] after ReinitAsync
[STAGE] after ReinitAsync step 202
[STAGE] before UpdateBoundary step 203
[DEBUG] before UpdateBoundary
[DEBUG] after UpdateBoundary
[STAGE] after UpdateBoundary step 203
[STAGE] before AddPlumeSourceAsync step 203
[DEBUG] plume params strength=0.08 radius_norm=0.08 swirl=0.02
[DEBUG] plume dims nx/ny/nz/count=64/64/64/262144
[DEBUG] plume radius/cx/cy/cz=5.12/32/9.6/32
[STAGE] after AddPlumeSourceAsync step 203
[STAGE] before AdvanceAsync step 203
[DEBUG] before AdvanceAsync
[DEBUG] after AdvanceAsync
[STAGE] after AdvanceAsync step 203
[STAGE] before ReinitAsync step 203
[DEBUG] before ReinitAsync
[DEBUG] after ReinitAsync
[STAGE] after ReinitAsync step 203
[STAGE] before UpdateBoundary step 204
[DEBUG] before UpdateBoundary
[DEBUG] after UpdateBoundary
[STAGE] after UpdateBoundary step 204
[STAGE] before AddPlumeSourceAsync step 204
[DEBUG] plume params strength=0.08 radius_norm=0.08 swirl=0.02
[DEBUG] plume dims nx/ny/nz/count=64/64/64/262144
[DEBUG] plume radius/cx/cy/cz=5.12/32/9.6/32
[STAGE] after AddPlumeSourceAsync step 204
[STAGE] before AdvanceAsync step 204
[DEBUG] before AdvanceAsync
[DEBUG] after AdvanceAsync
[STAGE] after AdvanceAsync step 204
[STAGE] before ReinitAsync step 204
[DEBUG] before ReinitAsync
[DEBUG] after ReinitAsync
[STAGE] after ReinitAsync step 204
[STAGE] before UpdateBoundary step 205
[DEBUG] before UpdateBoundary
[DEBUG] after UpdateBoundary
[STAGE] after UpdateBoundary step 205
[STAGE] before AddPlumeSourceAsync step 205
[DEBUG] plume params strength=0.08 radius_norm=0.08 swirl=0.02
[DEBUG] plume dims nx/ny/nz/count=64/64/64/262144
[DEBUG] plume radius/cx/cy/cz=5.12/32/9.6/32
[STAGE] after AddPlumeSourceAsync step 205
[STAGE] before AdvanceAsync step 205
[DEBUG] before AdvanceAsync
[DEBUG] after AdvanceAsync
[STAGE] after AdvanceAsync step 205
[STAGE] before ReinitAsync step 205
[DEBUG] before ReinitAsync
[DEBUG] after ReinitAsync
[STAGE] after ReinitAsync step 205
[STAGE] before UpdateBoundary step 206
[DEBUG] before UpdateBoundary
[DEBUG] after UpdateBoundary
[STAGE] after UpdateBoundary step 206
[STAGE] before AddPlumeSourceAsync step 206
[DEBUG] plume params strength=0.08 radius_norm=0.08 swirl=0.02
[DEBUG] plume dims nx/ny/nz/count=64/64/64/262144
[DEBUG] plume radius/cx/cy/cz=5.12/32/9.6/32
[STAGE] after AddPlumeSourceAsync step 206
[STAGE] before AdvanceAsync step 206
[DEBUG] before AdvanceAsync
[DEBUG] after AdvanceAsync
[STAGE] after AdvanceAsync step 206
[STAGE] before ReinitAsync step 206
[DEBUG] before ReinitAsync
[DEBUG] after ReinitAsync
[STAGE] after ReinitAsync step 206
[STAGE] before UpdateBoundary step 207
[DEBUG] before UpdateBoundary
[DEBUG] after UpdateBoundary
[STAGE] after UpdateBoundary step 207
[STAGE] before AddPlumeSourceAsync step 207
[DEBUG] plume params strength=0.08 radius_norm=0.08 swirl=0.02
[DEBUG] plume dims nx/ny/nz/count=64/64/64/262144
[DEBUG] plume radius/cx/cy/cz=5.12/32/9.6/32
[STAGE] after AddPlumeSourceAsync step 207
[STAGE] before AdvanceAsync step 207
[DEBUG] before AdvanceAsync
[DEBUG] after AdvanceAsync
[STAGE] after AdvanceAsync step 207
[STAGE] before ReinitAsync step 207
[DEBUG] before ReinitAsync
[DEBUG] after ReinitAsync
[STAGE] after ReinitAsync step 207
[STAGE] before UpdateBoundary step 208
[DEBUG] before UpdateBoundary
[DEBUG] after UpdateBoundary
[STAGE] after UpdateBoundary step 208
[STAGE] before AddPlumeSourceAsync step 208
[DEBUG] plume params strength=0.08 radius_norm=0.08 swirl=0.02
[DEBUG] plume dims nx/ny/nz/count=64/64/64/262144
[DEBUG] plume radius/cx/cy/cz=5.12/32/9.6/32
[STAGE] after AddPlumeSourceAsync step 208
[STAGE] before AdvanceAsync step 208
[DEBUG] before AdvanceAsync
[DEBUG] after AdvanceAsync
[STAGE] after AdvanceAsync step 208
[STAGE] before ReinitAsync step 208
[DEBUG] before ReinitAsync
[DEBUG] after ReinitAsync
[STAGE] after ReinitAsync step 208
[STAGE] before UpdateBoundary step 209
[DEBUG] before UpdateBoundary
[DEBUG] after UpdateBoundary
[STAGE] after UpdateBoundary step 209
[STAGE] before AddPlumeSourceAsync step 209
[DEBUG] plume params strength=0.08 radius_norm=0.08 swirl=0.02
[DEBUG] plume dims nx/ny/nz/count=64/64/64/262144
[DEBUG] plume radius/cx/cy/cz=5.12/32/9.6/32
[STAGE] after AddPlumeSourceAsync step 209
[STAGE] before AdvanceAsync step 209
[DEBUG] before AdvanceAsync
[DEBUG] after AdvanceAsync
[STAGE] after AdvanceAsync step 209
[STAGE] before ReinitAsync step 209
[DEBUG] before ReinitAsync
[DEBUG] after ReinitAsync
[STAGE] after ReinitAsync step 209
[STAGE] before UpdateBoundary step 210
[DEBUG] before UpdateBoundary
[DEBUG] after UpdateBoundary
[STAGE] after UpdateBoundary step 210
[STAGE] before AddPlumeSourceAsync step 210
[DEBUG] plume params strength=0.08 radius_norm=0.08 swirl=0.02
[DEBUG] plume dims nx/ny/nz/count=64/64/64/262144
[DEBUG] plume radius/cx/cy/cz=5.12/32/9.6/32
[STAGE] after AddPlumeSourceAsync step 210
[STAGE] before AdvanceAsync step 210
[DEBUG] before AdvanceAsync
[DEBUG] after AdvanceAsync
[STAGE] after AdvanceAsync step 210
[STAGE] before ReinitAsync step 210
[DEBUG] before ReinitAsync
[DEBUG] after ReinitAsync
[STAGE] after ReinitAsync step 210
[STAGE] before UpdateBoundary step 211
[DEBUG] before UpdateBoundary
[DEBUG] after UpdateBoundary
[STAGE] after UpdateBoundary step 211
[STAGE] before AddPlumeSourceAsync step 211
[DEBUG] plume params strength=0.08 radius_norm=0.08 swirl=0.02
[DEBUG] plume dims nx/ny/nz/count=64/64/64/262144
[DEBUG] plume radius/cx/cy/cz=5.12/32/9.6/32
[STAGE] after AddPlumeSourceAsync step 211
[STAGE] before AdvanceAsync step 211
[DEBUG] before AdvanceAsync
[DEBUG] after AdvanceAsync
[STAGE] after AdvanceAsync step 211
[STAGE] before ReinitAsync step 211
[DEBUG] before ReinitAsync
[DEBUG] after ReinitAsync
[STAGE] after ReinitAsync step 211
[STAGE] before UpdateBoundary step 212
[DEBUG] before UpdateBoundary
[DEBUG] after UpdateBoundary
[STAGE] after UpdateBoundary step 212
[STAGE] before AddPlumeSourceAsync step 212
[DEBUG] plume params strength=0.08 radius_norm=0.08 swirl=0.02
[DEBUG] plume dims nx/ny/nz/count=64/64/64/262144
[DEBUG] plume radius/cx/cy/cz=5.12/32/9.6/32
[STAGE] after AddPlumeSourceAsync step 212
[STAGE] before AdvanceAsync step 212
[DEBUG] before AdvanceAsync
[DEBUG] after AdvanceAsync
[STAGE] after AdvanceAsync step 212
[STAGE] before ReinitAsync step 212
[DEBUG] before ReinitAsync
[DEBUG] after ReinitAsync
[STAGE] after ReinitAsync step 212
[STAGE] before UpdateBoundary step 213
[DEBUG] before UpdateBoundary
[DEBUG] after UpdateBoundary
[STAGE] after UpdateBoundary step 213
[STAGE] before AddPlumeSourceAsync step 213
[DEBUG] plume params strength=0.08 radius_norm=0.08 swirl=0.02
[DEBUG] plume dims nx/ny/nz/count=64/64/64/262144
[DEBUG] plume radius/cx/cy/cz=5.12/32/9.6/32
[STAGE] after AddPlumeSourceAsync step 213
[STAGE] before AdvanceAsync step 213
[DEBUG] before AdvanceAsync
[DEBUG] after AdvanceAsync
[STAGE] after AdvanceAsync step 213
[STAGE] before ReinitAsync step 213
[DEBUG] before ReinitAsync
[DEBUG] after ReinitAsync
[STAGE] after ReinitAsync step 213
[STAGE] before UpdateBoundary step 214
[DEBUG] before UpdateBoundary
[DEBUG] after UpdateBoundary
[STAGE] after UpdateBoundary step 214
[STAGE] before AddPlumeSourceAsync step 214
[DEBUG] plume params strength=0.08 radius_norm=0.08 swirl=0.02
[DEBUG] plume dims nx/ny/nz/count=64/64/64/262144
[DEBUG] plume radius/cx/cy/cz=5.12/32/9.6/32
[STAGE] after AddPlumeSourceAsync step 214
[STAGE] before AdvanceAsync step 214
[DEBUG] before AdvanceAsync
[DEBUG] after AdvanceAsync
[STAGE] after AdvanceAsync step 214
[STAGE] before ReinitAsync step 214
[DEBUG] before ReinitAsync
[DEBUG] after ReinitAsync
[STAGE] after ReinitAsync step 214
[STAGE] before UpdateBoundary step 215
[DEBUG] before UpdateBoundary
[DEBUG] after UpdateBoundary
[STAGE] after UpdateBoundary step 215
[STAGE] before AddPlumeSourceAsync step 215
[DEBUG] plume params strength=0.08 radius_norm=0.08 swirl=0.02
[DEBUG] plume dims nx/ny/nz/count=64/64/64/262144
[DEBUG] plume radius/cx/cy/cz=5.12/32/9.6/32
[STAGE] after AddPlumeSourceAsync step 215
[STAGE] before AdvanceAsync step 215
[DEBUG] before AdvanceAsync
[DEBUG] after AdvanceAsync
[STAGE] after AdvanceAsync step 215
[STAGE] before ReinitAsync step 215
[DEBUG] before ReinitAsync
[DEBUG] after ReinitAsync
[STAGE] after ReinitAsync step 215
[STAGE] before UpdateBoundary step 216
[DEBUG] before UpdateBoundary
[DEBUG] after UpdateBoundary
[STAGE] after UpdateBoundary step 216
[STAGE] before AddPlumeSourceAsync step 216
[DEBUG] plume params strength=0.08 radius_norm=0.08 swirl=0.02
[DEBUG] plume dims nx/ny/nz/count=64/64/64/262144
[DEBUG] plume radius/cx/cy/cz=5.12/32/9.6/32
[STAGE] after AddPlumeSourceAsync step 216
[STAGE] before AdvanceAsync step 216
[DEBUG] before AdvanceAsync
[DEBUG] after AdvanceAsync
[STAGE] after AdvanceAsync step 216
[STAGE] before ReinitAsync step 216
[DEBUG] before ReinitAsync
[DEBUG] after ReinitAsync
[STAGE] after ReinitAsync step 216
[STAGE] before UpdateBoundary step 217
[DEBUG] before UpdateBoundary
[DEBUG] after UpdateBoundary
[STAGE] after UpdateBoundary step 217
[STAGE] before AddPlumeSourceAsync step 217
[DEBUG] plume params strength=0.08 radius_norm=0.08 swirl=0.02
[DEBUG] plume dims nx/ny/nz/count=64/64/64/262144
[DEBUG] plume radius/cx/cy/cz=5.12/32/9.6/32
[STAGE] after AddPlumeSourceAsync step 217
[STAGE] before AdvanceAsync step 217
[DEBUG] before AdvanceAsync
[DEBUG] after AdvanceAsync
[STAGE] after AdvanceAsync step 217
[STAGE] before ReinitAsync step 217
[DEBUG] before ReinitAsync
[DEBUG] after ReinitAsync
[STAGE] after ReinitAsync step 217
[STAGE] before UpdateBoundary step 218
[DEBUG] before UpdateBoundary
[DEBUG] after UpdateBoundary
[STAGE] after UpdateBoundary step 218
[STAGE] before AddPlumeSourceAsync step 218
[DEBUG] plume params strength=0.08 radius_norm=0.08 swirl=0.02
[DEBUG] plume dims nx/ny/nz/count=64/64/64/262144
[DEBUG] plume radius/cx/cy/cz=5.12/32/9.6/32
[STAGE] after AddPlumeSourceAsync step 218
[STAGE] before AdvanceAsync step 218
[DEBUG] before AdvanceAsync
[DEBUG] after AdvanceAsync
[STAGE] after AdvanceAsync step 218
[STAGE] before ReinitAsync step 218
[DEBUG] before ReinitAsync
[DEBUG] after ReinitAsync
[STAGE] after ReinitAsync step 218
[STAGE] before UpdateBoundary step 219
[DEBUG] before UpdateBoundary
[DEBUG] after UpdateBoundary
[STAGE] after UpdateBoundary step 219
[STAGE] before AddPlumeSourceAsync step 219
[DEBUG] plume params strength=0.08 radius_norm=0.08 swirl=0.02
[DEBUG] plume dims nx/ny/nz/count=64/64/64/262144
[DEBUG] plume radius/cx/cy/cz=5.12/32/9.6/32
[STAGE] after AddPlumeSourceAsync step 219
[STAGE] before AdvanceAsync step 219
[DEBUG] before AdvanceAsync
[DEBUG] after AdvanceAsync
[STAGE] after AdvanceAsync step 219
[STAGE] before ReinitAsync step 219
[DEBUG] before ReinitAsync
[DEBUG] after ReinitAsync
[STAGE] after ReinitAsync step 219
[STAGE] before UpdateBoundary step 220
[DEBUG] before UpdateBoundary
[DEBUG] after UpdateBoundary
[STAGE] after UpdateBoundary step 220
[STAGE] before AddPlumeSourceAsync step 220
[DEBUG] plume params strength=0.08 radius_norm=0.08 swirl=0.02
[DEBUG] plume dims nx/ny/nz/count=64/64/64/262144
[DEBUG] plume radius/cx/cy/cz=5.12/32/9.6/32
[STAGE] after AddPlumeSourceAsync step 220
[STAGE] before AdvanceAsync step 220
[DEBUG] before AdvanceAsync
[DEBUG] after AdvanceAsync
[STAGE] after AdvanceAsync step 220
[STAGE] before ReinitAsync step 220
[DEBUG] before ReinitAsync
[DEBUG] after ReinitAsync
[STAGE] after ReinitAsync step 220
[STAGE] before UpdateBoundary step 221
[DEBUG] before UpdateBoundary
[DEBUG] after UpdateBoundary
[STAGE] after UpdateBoundary step 221
[STAGE] before AddPlumeSourceAsync step 221
[DEBUG] plume params strength=0.08 radius_norm=0.08 swirl=0.02
[DEBUG] plume dims nx/ny/nz/count=64/64/64/262144
[DEBUG] plume radius/cx/cy/cz=5.12/32/9.6/32
[STAGE] after AddPlumeSourceAsync step 221
[STAGE] before AdvanceAsync step 221
[DEBUG] before AdvanceAsync
[DEBUG] after AdvanceAsync
[STAGE] after AdvanceAsync step 221
[STAGE] before ReinitAsync step 221
[DEBUG] before ReinitAsync
[DEBUG] after ReinitAsync
[STAGE] after ReinitAsync step 221
[STAGE] before UpdateBoundary step 222
[DEBUG] before UpdateBoundary
[DEBUG] after UpdateBoundary
[STAGE] after UpdateBoundary step 222
[STAGE] before AddPlumeSourceAsync step 222
[DEBUG] plume params strength=0.08 radius_norm=0.08 swirl=0.02
[DEBUG] plume dims nx/ny/nz/count=64/64/64/262144
[DEBUG] plume radius/cx/cy/cz=5.12/32/9.6/32
[STAGE] after AddPlumeSourceAsync step 222
[STAGE] before AdvanceAsync step 222
[DEBUG] before AdvanceAsync
[DEBUG] after AdvanceAsync
[STAGE] after AdvanceAsync step 222
[STAGE] before ReinitAsync step 222
[DEBUG] before ReinitAsync
[DEBUG] after ReinitAsync
[STAGE] after ReinitAsync step 222
[STAGE] before UpdateBoundary step 223
[DEBUG] before UpdateBoundary
[DEBUG] after UpdateBoundary
[STAGE] after UpdateBoundary step 223
[STAGE] before AddPlumeSourceAsync step 223
[DEBUG] plume params strength=0.08 radius_norm=0.08 swirl=0.02
[DEBUG] plume dims nx/ny/nz/count=64/64/64/262144
[DEBUG] plume radius/cx/cy/cz=5.12/32/9.6/32
[STAGE] after AddPlumeSourceAsync step 223
[STAGE] before AdvanceAsync step 223
[DEBUG] before AdvanceAsync
[DEBUG] after AdvanceAsync
[STAGE] after AdvanceAsync step 223
[STAGE] before ReinitAsync step 223
[DEBUG] before ReinitAsync
[DEBUG] after ReinitAsync
[STAGE] after ReinitAsync step 223
[STAGE] before UpdateBoundary step 224
[DEBUG] before UpdateBoundary
[DEBUG] after UpdateBoundary
[STAGE] after UpdateBoundary step 224
[STAGE] before AddPlumeSourceAsync step 224
[DEBUG] plume params strength=0.08 radius_norm=0.08 swirl=0.02
[DEBUG] plume dims nx/ny/nz/count=64/64/64/262144
[DEBUG] plume radius/cx/cy/cz=5.12/32/9.6/32
[STAGE] after AddPlumeSourceAsync step 224
[STAGE] before AdvanceAsync step 224
[DEBUG] before AdvanceAsync
[DEBUG] after AdvanceAsync
[STAGE] after AdvanceAsync step 224
[STAGE] before ReinitAsync step 224
[DEBUG] before ReinitAsync
[DEBUG] after ReinitAsync
[STAGE] after ReinitAsync step 224
[STAGE] before UpdateBoundary step 225
[DEBUG] before UpdateBoundary
[DEBUG] after UpdateBoundary
[STAGE] after UpdateBoundary step 225
[STAGE] before AddPlumeSourceAsync step 225
[DEBUG] plume params strength=0.08 radius_norm=0.08 swirl=0.02
[DEBUG] plume dims nx/ny/nz/count=64/64/64/262144
[DEBUG] plume radius/cx/cy/cz=5.12/32/9.6/32
[STAGE] after AddPlumeSourceAsync step 225
[STAGE] before AdvanceAsync step 225
[DEBUG] before AdvanceAsync
[DEBUG] after AdvanceAsync
[STAGE] after AdvanceAsync step 225
[STAGE] before ReinitAsync step 225
[DEBUG] before ReinitAsync
[DEBUG] after ReinitAsync
[STAGE] after ReinitAsync step 225
[STAGE] before UpdateBoundary step 226
[DEBUG] before UpdateBoundary
[DEBUG] after UpdateBoundary
[STAGE] after UpdateBoundary step 226
[STAGE] before AddPlumeSourceAsync step 226
[DEBUG] plume params strength=0.08 radius_norm=0.08 swirl=0.02
[DEBUG] plume dims nx/ny/nz/count=64/64/64/262144
[DEBUG] plume radius/cx/cy/cz=5.12/32/9.6/32
[STAGE] after AddPlumeSourceAsync step 226
[STAGE] before AdvanceAsync step 226
[DEBUG] before AdvanceAsync
[DEBUG] after AdvanceAsync
[STAGE] after AdvanceAsync step 226
[STAGE] before ReinitAsync step 226
[DEBUG] before ReinitAsync
[DEBUG] after ReinitAsync
[STAGE] after ReinitAsync step 226
[STAGE] before UpdateBoundary step 227
[DEBUG] before UpdateBoundary
[DEBUG] after UpdateBoundary
[STAGE] after UpdateBoundary step 227
[STAGE] before AddPlumeSourceAsync step 227
[DEBUG] plume params strength=0.08 radius_norm=0.08 swirl=0.02
[DEBUG] plume dims nx/ny/nz/count=64/64/64/262144
[DEBUG] plume radius/cx/cy/cz=5.12/32/9.6/32
[STAGE] after AddPlumeSourceAsync step 227
[STAGE] before AdvanceAsync step 227
[DEBUG] before AdvanceAsync
[DEBUG] after AdvanceAsync
[STAGE] after AdvanceAsync step 227
[STAGE] before ReinitAsync step 227
[DEBUG] before ReinitAsync
[DEBUG] after ReinitAsync
[STAGE] after ReinitAsync step 227
[STAGE] before UpdateBoundary step 228
[DEBUG] before UpdateBoundary
[DEBUG] after UpdateBoundary
[STAGE] after UpdateBoundary step 228
[STAGE] before AddPlumeSourceAsync step 228
[DEBUG] plume params strength=0.08 radius_norm=0.08 swirl=0.02
[DEBUG] plume dims nx/ny/nz/count=64/64/64/262144
[DEBUG] plume radius/cx/cy/cz=5.12/32/9.6/32
[STAGE] after AddPlumeSourceAsync step 228
[STAGE] before AdvanceAsync step 228
[DEBUG] before AdvanceAsync
[DEBUG] after AdvanceAsync
[STAGE] after AdvanceAsync step 228
[STAGE] before ReinitAsync step 228
[DEBUG] before ReinitAsync
[DEBUG] after ReinitAsync
[STAGE] after ReinitAsync step 228
[STAGE] before UpdateBoundary step 229
[DEBUG] before UpdateBoundary
[DEBUG] after UpdateBoundary
[STAGE] after UpdateBoundary step 229
[STAGE] before AddPlumeSourceAsync step 229
[DEBUG] plume params strength=0.08 radius_norm=0.08 swirl=0.02
[DEBUG] plume dims nx/ny/nz/count=64/64/64/262144
[DEBUG] plume radius/cx/cy/cz=5.12/32/9.6/32
[STAGE] after AddPlumeSourceAsync step 229
[STAGE] before AdvanceAsync step 229
[DEBUG] before AdvanceAsync
[DEBUG] after AdvanceAsync
[STAGE] after AdvanceAsync step 229
[STAGE] before ReinitAsync step 229
[DEBUG] before ReinitAsync
[DEBUG] after ReinitAsync
[STAGE] after ReinitAsync step 229
[STAGE] before UpdateBoundary step 230
[DEBUG] before UpdateBoundary
[DEBUG] after UpdateBoundary
[STAGE] after UpdateBoundary step 230
[STAGE] before AddPlumeSourceAsync step 230
[DEBUG] plume params strength=0.08 radius_norm=0.08 swirl=0.02
[DEBUG] plume dims nx/ny/nz/count=64/64/64/262144
[DEBUG] plume radius/cx/cy/cz=5.12/32/9.6/32
[STAGE] after AddPlumeSourceAsync step 230
[STAGE] before AdvanceAsync step 230
[DEBUG] before AdvanceAsync
[DEBUG] after AdvanceAsync
[STAGE] after AdvanceAsync step 230
[STAGE] before ReinitAsync step 230
[DEBUG] before ReinitAsync
[DEBUG] after ReinitAsync
[STAGE] after ReinitAsync step 230
[STAGE] before UpdateBoundary step 231
[DEBUG] before UpdateBoundary
[DEBUG] after UpdateBoundary
[STAGE] after UpdateBoundary step 231
[STAGE] before AddPlumeSourceAsync step 231
[DEBUG] plume params strength=0.08 radius_norm=0.08 swirl=0.02
[DEBUG] plume dims nx/ny/nz/count=64/64/64/262144
[DEBUG] plume radius/cx/cy/cz=5.12/32/9.6/32
[STAGE] after AddPlumeSourceAsync step 231
[STAGE] before AdvanceAsync step 231
[DEBUG] before AdvanceAsync
[DEBUG] after AdvanceAsync
[STAGE] after AdvanceAsync step 231
[STAGE] before ReinitAsync step 231
[DEBUG] before ReinitAsync
[DEBUG] after ReinitAsync
[STAGE] after ReinitAsync step 231
[STAGE] before UpdateBoundary step 232
[DEBUG] before UpdateBoundary
[DEBUG] after UpdateBoundary
[STAGE] after UpdateBoundary step 232
[STAGE] before AddPlumeSourceAsync step 232
[DEBUG] plume params strength=0.08 radius_norm=0.08 swirl=0.02
[DEBUG] plume dims nx/ny/nz/count=64/64/64/262144
[DEBUG] plume radius/cx/cy/cz=5.12/32/9.6/32
[STAGE] after AddPlumeSourceAsync step 232
[STAGE] before AdvanceAsync step 232
[DEBUG] before AdvanceAsync
[DEBUG] after AdvanceAsync
[STAGE] after AdvanceAsync step 232
[STAGE] before ReinitAsync step 232
[DEBUG] before ReinitAsync
[DEBUG] after ReinitAsync
[STAGE] after ReinitAsync step 232
[STAGE] before UpdateBoundary step 233
[DEBUG] before UpdateBoundary
[DEBUG] after UpdateBoundary
[STAGE] after UpdateBoundary step 233
[STAGE] before AddPlumeSourceAsync step 233
[DEBUG] plume params strength=0.08 radius_norm=0.08 swirl=0.02
[DEBUG] plume dims nx/ny/nz/count=64/64/64/262144
[DEBUG] plume radius/cx/cy/cz=5.12/32/9.6/32
[STAGE] after AddPlumeSourceAsync step 233
[STAGE] before AdvanceAsync step 233
[DEBUG] before AdvanceAsync
[DEBUG] after AdvanceAsync
[STAGE] after AdvanceAsync step 233
[STAGE] before ReinitAsync step 233
[DEBUG] before ReinitAsync
[DEBUG] after ReinitAsync
[STAGE] after ReinitAsync step 233
[STAGE] before UpdateBoundary step 234
[DEBUG] before UpdateBoundary
[DEBUG] after UpdateBoundary
[STAGE] after UpdateBoundary step 234
[STAGE] before AddPlumeSourceAsync step 234
[DEBUG] plume params strength=0.08 radius_norm=0.08 swirl=0.02
[DEBUG] plume dims nx/ny/nz/count=64/64/64/262144
[DEBUG] plume radius/cx/cy/cz=5.12/32/9.6/32
[STAGE] after AddPlumeSourceAsync step 234
[STAGE] before AdvanceAsync step 234
[DEBUG] before AdvanceAsync
[DEBUG] after AdvanceAsync
[STAGE] after AdvanceAsync step 234
[STAGE] before ReinitAsync step 234
[DEBUG] before ReinitAsync
[DEBUG] after ReinitAsync
[STAGE] after ReinitAsync step 234
[STAGE] before UpdateBoundary step 235
[DEBUG] before UpdateBoundary
[DEBUG] after UpdateBoundary
[STAGE] after UpdateBoundary step 235
[STAGE] before AddPlumeSourceAsync step 235
[DEBUG] plume params strength=0.08 radius_norm=0.08 swirl=0.02
[DEBUG] plume dims nx/ny/nz/count=64/64/64/262144
[DEBUG] plume radius/cx/cy/cz=5.12/32/9.6/32
[STAGE] after AddPlumeSourceAsync step 235
[STAGE] before AdvanceAsync step 235
[DEBUG] before AdvanceAsync
[DEBUG] after AdvanceAsync
[STAGE] after AdvanceAsync step 235
[STAGE] before ReinitAsync step 235
[DEBUG] before ReinitAsync
[DEBUG] after ReinitAsync
[STAGE] after ReinitAsync step 235
[STAGE] before UpdateBoundary step 236
[DEBUG] before UpdateBoundary
[DEBUG] after UpdateBoundary
[STAGE] after UpdateBoundary step 236
[STAGE] before AddPlumeSourceAsync step 236
[DEBUG] plume params strength=0.08 radius_norm=0.08 swirl=0.02
[DEBUG] plume dims nx/ny/nz/count=64/64/64/262144
[DEBUG] plume radius/cx/cy/cz=5.12/32/9.6/32
[STAGE] after AddPlumeSourceAsync step 236
[STAGE] before AdvanceAsync step 236
[DEBUG] before AdvanceAsync
[DEBUG] after AdvanceAsync
[STAGE] after AdvanceAsync step 236
[STAGE] before ReinitAsync step 236
[DEBUG] before ReinitAsync
[DEBUG] after ReinitAsync
[STAGE] after ReinitAsync step 236
[STAGE] before UpdateBoundary step 237
[DEBUG] before UpdateBoundary
[DEBUG] after UpdateBoundary
[STAGE] after UpdateBoundary step 237
[STAGE] before AddPlumeSourceAsync step 237
[DEBUG] plume params strength=0.08 radius_norm=0.08 swirl=0.02
[DEBUG] plume dims nx/ny/nz/count=64/64/64/262144
[DEBUG] plume radius/cx/cy/cz=5.12/32/9.6/32
[STAGE] after AddPlumeSourceAsync step 237
[STAGE] before AdvanceAsync step 237
[DEBUG] before AdvanceAsync
[DEBUG] after AdvanceAsync
[STAGE] after AdvanceAsync step 237
[STAGE] before ReinitAsync step 237
[DEBUG] before ReinitAsync
[DEBUG] after ReinitAsync
[STAGE] after ReinitAsync step 237
[STAGE] before UpdateBoundary step 238
[DEBUG] before UpdateBoundary
[DEBUG] after UpdateBoundary
[STAGE] after UpdateBoundary step 238
[STAGE] before AddPlumeSourceAsync step 238
[DEBUG] plume params strength=0.08 radius_norm=0.08 swirl=0.02
[DEBUG] plume dims nx/ny/nz/count=64/64/64/262144
[DEBUG] plume radius/cx/cy/cz=5.12/32/9.6/32
[STAGE] after AddPlumeSourceAsync step 238
[STAGE] before AdvanceAsync step 238
[DEBUG] before AdvanceAsync
[DEBUG] after AdvanceAsync
[STAGE] after AdvanceAsync step 238
[STAGE] before ReinitAsync step 238
[DEBUG] before ReinitAsync
[DEBUG] after ReinitAsync
[STAGE] after ReinitAsync step 238
[STAGE] before UpdateBoundary step 239
[DEBUG] before UpdateBoundary
[DEBUG] after UpdateBoundary
[STAGE] after UpdateBoundary step 239
[STAGE] before AddPlumeSourceAsync step 239
[DEBUG] plume params strength=0.08 radius_norm=0.08 swirl=0.02
[DEBUG] plume dims nx/ny/nz/count=64/64/64/262144
[DEBUG] plume radius/cx/cy/cz=5.12/32/9.6/32
[STAGE] after AddPlumeSourceAsync step 239
[STAGE] before AdvanceAsync step 239
[DEBUG] before AdvanceAsync
[DEBUG] after AdvanceAsync
[STAGE] after AdvanceAsync step 239
[STAGE] before ReinitAsync step 239
[DEBUG] before ReinitAsync
[DEBUG] after ReinitAsync
[STAGE] after ReinitAsync step 239
[STAGE] before UpdateBoundary step 240
[DEBUG] before UpdateBoundary
[DEBUG] after UpdateBoundary
[STAGE] after UpdateBoundary step 240
[STAGE] before AddPlumeSourceAsync step 240
[DEBUG] plume params strength=0.08 radius_norm=0.08 swirl=0.02
[DEBUG] plume dims nx/ny/nz/count=64/64/64/262144
[DEBUG] plume radius/cx/cy/cz=5.12/32/9.6/32
[STAGE] after AddPlumeSourceAsync step 240
[STAGE] before AdvanceAsync step 240
[DEBUG] before AdvanceAsync
[DEBUG] after AdvanceAsync
[STAGE] after AdvanceAsync step 240
[STAGE] before ReinitAsync step 240
[DEBUG] before ReinitAsync
[DEBUG] after ReinitAsync
[STAGE] after ReinitAsync step 240
[STAGE] before save frame 240
[DEBUG] before cudaStreamSynchronize
[STAGE] before save cudaStreamSynchronize frame 240
[DEBUG] after cudaStreamSynchronize
[STAGE] after save cudaStreamSynchronize frame 240
[DEBUG] save frame=240 path=/gscratch/amath/diwenxu/fire_pfm/ofm_dynamic/proj/dynamic_obstacle_headless/outputs/plume/res64/ps0.08_pr0.08_sw0.02_20260502_082604/vorticity/frame_000240.npy shape=(64,64,64) count=262144 estimated_mb=1
[OFM Headless] Saved vorticity to /gscratch/amath/diwenxu/fire_pfm/ofm_dynamic/proj/dynamic_obstacle_headless/outputs/plume/res64/ps0.08_pr0.08_sw0.02_20260502_082604/vorticity/frame_000240.npy
[STAGE] after save frame 240
[STAGE] before UpdateBoundary step 241
[DEBUG] before UpdateBoundary
[DEBUG] after UpdateBoundary
[STAGE] after UpdateBoundary step 241
[STAGE] before AddPlumeSourceAsync step 241
[DEBUG] plume params strength=0.08 radius_norm=0.08 swirl=0.02
[DEBUG] plume dims nx/ny/nz/count=64/64/64/262144
[DEBUG] plume radius/cx/cy/cz=5.12/32/9.6/32
[STAGE] after AddPlumeSourceAsync step 241
[STAGE] before AdvanceAsync step 241
[DEBUG] before AdvanceAsync
[DEBUG] after AdvanceAsync
[STAGE] after AdvanceAsync step 241
[STAGE] before ReinitAsync step 241
[DEBUG] before ReinitAsync
[DEBUG] after ReinitAsync
[STAGE] after ReinitAsync step 241
[STAGE] before UpdateBoundary step 242
[DEBUG] before UpdateBoundary
[DEBUG] after UpdateBoundary
[STAGE] after UpdateBoundary step 242
[STAGE] before AddPlumeSourceAsync step 242
[DEBUG] plume params strength=0.08 radius_norm=0.08 swirl=0.02
[DEBUG] plume dims nx/ny/nz/count=64/64/64/262144
[DEBUG] plume radius/cx/cy/cz=5.12/32/9.6/32
[STAGE] after AddPlumeSourceAsync step 242
[STAGE] before AdvanceAsync step 242
[DEBUG] before AdvanceAsync
[DEBUG] after AdvanceAsync
[STAGE] after AdvanceAsync step 242
[STAGE] before ReinitAsync step 242
[DEBUG] before ReinitAsync
[DEBUG] after ReinitAsync
[STAGE] after ReinitAsync step 242
[STAGE] before UpdateBoundary step 243
[DEBUG] before UpdateBoundary
[DEBUG] after UpdateBoundary
[STAGE] after UpdateBoundary step 243
[STAGE] before AddPlumeSourceAsync step 243
[DEBUG] plume params strength=0.08 radius_norm=0.08 swirl=0.02
[DEBUG] plume dims nx/ny/nz/count=64/64/64/262144
[DEBUG] plume radius/cx/cy/cz=5.12/32/9.6/32
[STAGE] after AddPlumeSourceAsync step 243
[STAGE] before AdvanceAsync step 243
[DEBUG] before AdvanceAsync
[DEBUG] after AdvanceAsync
[STAGE] after AdvanceAsync step 243
[STAGE] before ReinitAsync step 243
[DEBUG] before ReinitAsync
[DEBUG] after ReinitAsync
[STAGE] after ReinitAsync step 243
[STAGE] before UpdateBoundary step 244
[DEBUG] before UpdateBoundary
[DEBUG] after UpdateBoundary
[STAGE] after UpdateBoundary step 244
[STAGE] before AddPlumeSourceAsync step 244
[DEBUG] plume params strength=0.08 radius_norm=0.08 swirl=0.02
[DEBUG] plume dims nx/ny/nz/count=64/64/64/262144
[DEBUG] plume radius/cx/cy/cz=5.12/32/9.6/32
[STAGE] after AddPlumeSourceAsync step 244
[STAGE] before AdvanceAsync step 244
[DEBUG] before AdvanceAsync
[DEBUG] after AdvanceAsync
[STAGE] after AdvanceAsync step 244
[STAGE] before ReinitAsync step 244
[DEBUG] before ReinitAsync
[DEBUG] after ReinitAsync
[STAGE] after ReinitAsync step 244
[STAGE] before UpdateBoundary step 245
[DEBUG] before UpdateBoundary
[DEBUG] after UpdateBoundary
[STAGE] after UpdateBoundary step 245
[STAGE] before AddPlumeSourceAsync step 245
[DEBUG] plume params strength=0.08 radius_norm=0.08 swirl=0.02
[DEBUG] plume dims nx/ny/nz/count=64/64/64/262144
[DEBUG] plume radius/cx/cy/cz=5.12/32/9.6/32
[STAGE] after AddPlumeSourceAsync step 245
[STAGE] before AdvanceAsync step 245
[DEBUG] before AdvanceAsync
[DEBUG] after AdvanceAsync
[STAGE] after AdvanceAsync step 245
[STAGE] before ReinitAsync step 245
[DEBUG] before ReinitAsync
[DEBUG] after ReinitAsync
[STAGE] after ReinitAsync step 245
[STAGE] before UpdateBoundary step 246
[DEBUG] before UpdateBoundary
[DEBUG] after UpdateBoundary
[STAGE] after UpdateBoundary step 246
[STAGE] before AddPlumeSourceAsync step 246
[DEBUG] plume params strength=0.08 radius_norm=0.08 swirl=0.02
[DEBUG] plume dims nx/ny/nz/count=64/64/64/262144
[DEBUG] plume radius/cx/cy/cz=5.12/32/9.6/32
[STAGE] after AddPlumeSourceAsync step 246
[STAGE] before AdvanceAsync step 246
[DEBUG] before AdvanceAsync
[DEBUG] after AdvanceAsync
[STAGE] after AdvanceAsync step 246
[STAGE] before ReinitAsync step 246
[DEBUG] before ReinitAsync
[DEBUG] after ReinitAsync
[STAGE] after ReinitAsync step 246
[STAGE] before UpdateBoundary step 247
[DEBUG] before UpdateBoundary
[DEBUG] after UpdateBoundary
[STAGE] after UpdateBoundary step 247
[STAGE] before AddPlumeSourceAsync step 247
[DEBUG] plume params strength=0.08 radius_norm=0.08 swirl=0.02
[DEBUG] plume dims nx/ny/nz/count=64/64/64/262144
[DEBUG] plume radius/cx/cy/cz=5.12/32/9.6/32
[STAGE] after AddPlumeSourceAsync step 247
[STAGE] before AdvanceAsync step 247
[DEBUG] before AdvanceAsync
[DEBUG] after AdvanceAsync
[STAGE] after AdvanceAsync step 247
[STAGE] before ReinitAsync step 247
[DEBUG] before ReinitAsync
[DEBUG] after ReinitAsync
[STAGE] after ReinitAsync step 247
[STAGE] before UpdateBoundary step 248
[DEBUG] before UpdateBoundary
[DEBUG] after UpdateBoundary
[STAGE] after UpdateBoundary step 248
[STAGE] before AddPlumeSourceAsync step 248
[DEBUG] plume params strength=0.08 radius_norm=0.08 swirl=0.02
[DEBUG] plume dims nx/ny/nz/count=64/64/64/262144
[DEBUG] plume radius/cx/cy/cz=5.12/32/9.6/32
[STAGE] after AddPlumeSourceAsync step 248
[STAGE] before AdvanceAsync step 248
[DEBUG] before AdvanceAsync
[DEBUG] after AdvanceAsync
[STAGE] after AdvanceAsync step 248
[STAGE] before ReinitAsync step 248
[DEBUG] before ReinitAsync
[DEBUG] after ReinitAsync
[STAGE] after ReinitAsync step 248
[STAGE] before UpdateBoundary step 249
[DEBUG] before UpdateBoundary
[DEBUG] after UpdateBoundary
[STAGE] after UpdateBoundary step 249
[STAGE] before AddPlumeSourceAsync step 249
[DEBUG] plume params strength=0.08 radius_norm=0.08 swirl=0.02
[DEBUG] plume dims nx/ny/nz/count=64/64/64/262144
[DEBUG] plume radius/cx/cy/cz=5.12/32/9.6/32
[STAGE] after AddPlumeSourceAsync step 249
[STAGE] before AdvanceAsync step 249
[DEBUG] before AdvanceAsync
[DEBUG] after AdvanceAsync
[STAGE] after AdvanceAsync step 249
[STAGE] before ReinitAsync step 249
[DEBUG] before ReinitAsync
[DEBUG] after ReinitAsync
[STAGE] after ReinitAsync step 249
[STAGE] before UpdateBoundary step 250
[DEBUG] before UpdateBoundary
[DEBUG] after UpdateBoundary
[STAGE] after UpdateBoundary step 250
[STAGE] before AddPlumeSourceAsync step 250
[DEBUG] plume params strength=0.08 radius_norm=0.08 swirl=0.02
[DEBUG] plume dims nx/ny/nz/count=64/64/64/262144
[DEBUG] plume radius/cx/cy/cz=5.12/32/9.6/32
[STAGE] after AddPlumeSourceAsync step 250
[STAGE] before AdvanceAsync step 250
[DEBUG] before AdvanceAsync
[DEBUG] after AdvanceAsync
[STAGE] after AdvanceAsync step 250
[STAGE] before ReinitAsync step 250
[DEBUG] before ReinitAsync
[DEBUG] after ReinitAsync
[STAGE] after ReinitAsync step 250
[OFM Headless] Step 251 / 400
[STAGE] before UpdateBoundary step 251
[DEBUG] before UpdateBoundary
[DEBUG] after UpdateBoundary
[STAGE] after UpdateBoundary step 251
[STAGE] before AddPlumeSourceAsync step 251
[DEBUG] plume params strength=0.08 radius_norm=0.08 swirl=0.02
[DEBUG] plume dims nx/ny/nz/count=64/64/64/262144
[DEBUG] plume radius/cx/cy/cz=5.12/32/9.6/32
[STAGE] after AddPlumeSourceAsync step 251
[STAGE] before AdvanceAsync step 251
[DEBUG] before AdvanceAsync
[DEBUG] after AdvanceAsync
[STAGE] after AdvanceAsync step 251
[STAGE] before ReinitAsync step 251
[DEBUG] before ReinitAsync
[DEBUG] after ReinitAsync
[STAGE] after ReinitAsync step 251
[STAGE] before UpdateBoundary step 252
[DEBUG] before UpdateBoundary
[DEBUG] after UpdateBoundary
[STAGE] after UpdateBoundary step 252
[STAGE] before AddPlumeSourceAsync step 252
[DEBUG] plume params strength=0.08 radius_norm=0.08 swirl=0.02
[DEBUG] plume dims nx/ny/nz/count=64/64/64/262144
[DEBUG] plume radius/cx/cy/cz=5.12/32/9.6/32
[STAGE] after AddPlumeSourceAsync step 252
[STAGE] before AdvanceAsync step 252
[DEBUG] before AdvanceAsync
[DEBUG] after AdvanceAsync
[STAGE] after AdvanceAsync step 252
[STAGE] before ReinitAsync step 252
[DEBUG] before ReinitAsync
[DEBUG] after ReinitAsync
[STAGE] after ReinitAsync step 252
[STAGE] before UpdateBoundary step 253
[DEBUG] before UpdateBoundary
[DEBUG] after UpdateBoundary
[STAGE] after UpdateBoundary step 253
[STAGE] before AddPlumeSourceAsync step 253
[DEBUG] plume params strength=0.08 radius_norm=0.08 swirl=0.02
[DEBUG] plume dims nx/ny/nz/count=64/64/64/262144
[DEBUG] plume radius/cx/cy/cz=5.12/32/9.6/32
[STAGE] after AddPlumeSourceAsync step 253
[STAGE] before AdvanceAsync step 253
[DEBUG] before AdvanceAsync
[DEBUG] after AdvanceAsync
[STAGE] after AdvanceAsync step 253
[STAGE] before ReinitAsync step 253
[DEBUG] before ReinitAsync
[DEBUG] after ReinitAsync
[STAGE] after ReinitAsync step 253
[STAGE] before UpdateBoundary step 254
[DEBUG] before UpdateBoundary
[DEBUG] after UpdateBoundary
[STAGE] after UpdateBoundary step 254
[STAGE] before AddPlumeSourceAsync step 254
[DEBUG] plume params strength=0.08 radius_norm=0.08 swirl=0.02
[DEBUG] plume dims nx/ny/nz/count=64/64/64/262144
[DEBUG] plume radius/cx/cy/cz=5.12/32/9.6/32
[STAGE] after AddPlumeSourceAsync step 254
[STAGE] before AdvanceAsync step 254
[DEBUG] before AdvanceAsync
[DEBUG] after AdvanceAsync
[STAGE] after AdvanceAsync step 254
[STAGE] before ReinitAsync step 254
[DEBUG] before ReinitAsync
[DEBUG] after ReinitAsync
[STAGE] after ReinitAsync step 254
[STAGE] before UpdateBoundary step 255
[DEBUG] before UpdateBoundary
[DEBUG] after UpdateBoundary
[STAGE] after UpdateBoundary step 255
[STAGE] before AddPlumeSourceAsync step 255
[DEBUG] plume params strength=0.08 radius_norm=0.08 swirl=0.02
[DEBUG] plume dims nx/ny/nz/count=64/64/64/262144
[DEBUG] plume radius/cx/cy/cz=5.12/32/9.6/32
[STAGE] after AddPlumeSourceAsync step 255
[STAGE] before AdvanceAsync step 255
[DEBUG] before AdvanceAsync
[DEBUG] after AdvanceAsync
[STAGE] after AdvanceAsync step 255
[STAGE] before ReinitAsync step 255
[DEBUG] before ReinitAsync
[DEBUG] after ReinitAsync
[STAGE] after ReinitAsync step 255
[STAGE] before UpdateBoundary step 256
[DEBUG] before UpdateBoundary
[DEBUG] after UpdateBoundary
[STAGE] after UpdateBoundary step 256
[STAGE] before AddPlumeSourceAsync step 256
[DEBUG] plume params strength=0.08 radius_norm=0.08 swirl=0.02
[DEBUG] plume dims nx/ny/nz/count=64/64/64/262144
[DEBUG] plume radius/cx/cy/cz=5.12/32/9.6/32
[STAGE] after AddPlumeSourceAsync step 256
[STAGE] before AdvanceAsync step 256
[DEBUG] before AdvanceAsync
[DEBUG] after AdvanceAsync
[STAGE] after AdvanceAsync step 256
[STAGE] before ReinitAsync step 256
[DEBUG] before ReinitAsync
[DEBUG] after ReinitAsync
[STAGE] after ReinitAsync step 256
[STAGE] before UpdateBoundary step 257
[DEBUG] before UpdateBoundary
[DEBUG] after UpdateBoundary
[STAGE] after UpdateBoundary step 257
[STAGE] before AddPlumeSourceAsync step 257
[DEBUG] plume params strength=0.08 radius_norm=0.08 swirl=0.02
[DEBUG] plume dims nx/ny/nz/count=64/64/64/262144
[DEBUG] plume radius/cx/cy/cz=5.12/32/9.6/32
[STAGE] after AddPlumeSourceAsync step 257
[STAGE] before AdvanceAsync step 257
[DEBUG] before AdvanceAsync
[DEBUG] after AdvanceAsync
[STAGE] after AdvanceAsync step 257
[STAGE] before ReinitAsync step 257
[DEBUG] before ReinitAsync
[DEBUG] after ReinitAsync
[STAGE] after ReinitAsync step 257
[STAGE] before UpdateBoundary step 258
[DEBUG] before UpdateBoundary
[DEBUG] after UpdateBoundary
[STAGE] after UpdateBoundary step 258
[STAGE] before AddPlumeSourceAsync step 258
[DEBUG] plume params strength=0.08 radius_norm=0.08 swirl=0.02
[DEBUG] plume dims nx/ny/nz/count=64/64/64/262144
[DEBUG] plume radius/cx/cy/cz=5.12/32/9.6/32
[STAGE] after AddPlumeSourceAsync step 258
[STAGE] before AdvanceAsync step 258
[DEBUG] before AdvanceAsync
[DEBUG] after AdvanceAsync
[STAGE] after AdvanceAsync step 258
[STAGE] before ReinitAsync step 258
[DEBUG] before ReinitAsync
[DEBUG] after ReinitAsync
[STAGE] after ReinitAsync step 258
[STAGE] before UpdateBoundary step 259
[DEBUG] before UpdateBoundary
[DEBUG] after UpdateBoundary
[STAGE] after UpdateBoundary step 259
[STAGE] before AddPlumeSourceAsync step 259
[DEBUG] plume params strength=0.08 radius_norm=0.08 swirl=0.02
[DEBUG] plume dims nx/ny/nz/count=64/64/64/262144
[DEBUG] plume radius/cx/cy/cz=5.12/32/9.6/32
[STAGE] after AddPlumeSourceAsync step 259
[STAGE] before AdvanceAsync step 259
[DEBUG] before AdvanceAsync
[DEBUG] after AdvanceAsync
[STAGE] after AdvanceAsync step 259
[STAGE] before ReinitAsync step 259
[DEBUG] before ReinitAsync
[DEBUG] after ReinitAsync
[STAGE] after ReinitAsync step 259
[STAGE] before UpdateBoundary step 260
[DEBUG] before UpdateBoundary
[DEBUG] after UpdateBoundary
[STAGE] after UpdateBoundary step 260
[STAGE] before AddPlumeSourceAsync step 260
[DEBUG] plume params strength=0.08 radius_norm=0.08 swirl=0.02
[DEBUG] plume dims nx/ny/nz/count=64/64/64/262144
[DEBUG] plume radius/cx/cy/cz=5.12/32/9.6/32
[STAGE] after AddPlumeSourceAsync step 260
[STAGE] before AdvanceAsync step 260
[DEBUG] before AdvanceAsync
[DEBUG] after AdvanceAsync
[STAGE] after AdvanceAsync step 260
[STAGE] before ReinitAsync step 260
[DEBUG] before ReinitAsync
[DEBUG] after ReinitAsync
[STAGE] after ReinitAsync step 260
[STAGE] before UpdateBoundary step 261
[DEBUG] before UpdateBoundary
[DEBUG] after UpdateBoundary
[STAGE] after UpdateBoundary step 261
[STAGE] before AddPlumeSourceAsync step 261
[DEBUG] plume params strength=0.08 radius_norm=0.08 swirl=0.02
[DEBUG] plume dims nx/ny/nz/count=64/64/64/262144
[DEBUG] plume radius/cx/cy/cz=5.12/32/9.6/32
[STAGE] after AddPlumeSourceAsync step 261
[STAGE] before AdvanceAsync step 261
[DEBUG] before AdvanceAsync
[DEBUG] after AdvanceAsync
[STAGE] after AdvanceAsync step 261
[STAGE] before ReinitAsync step 261
[DEBUG] before ReinitAsync
[DEBUG] after ReinitAsync
[STAGE] after ReinitAsync step 261
[STAGE] before UpdateBoundary step 262
[DEBUG] before UpdateBoundary
[DEBUG] after UpdateBoundary
[STAGE] after UpdateBoundary step 262
[STAGE] before AddPlumeSourceAsync step 262
[DEBUG] plume params strength=0.08 radius_norm=0.08 swirl=0.02
[DEBUG] plume dims nx/ny/nz/count=64/64/64/262144
[DEBUG] plume radius/cx/cy/cz=5.12/32/9.6/32
[STAGE] after AddPlumeSourceAsync step 262
[STAGE] before AdvanceAsync step 262
[DEBUG] before AdvanceAsync
[DEBUG] after AdvanceAsync
[STAGE] after AdvanceAsync step 262
[STAGE] before ReinitAsync step 262
[DEBUG] before ReinitAsync
[DEBUG] after ReinitAsync
[STAGE] after ReinitAsync step 262
[STAGE] before UpdateBoundary step 263
[DEBUG] before UpdateBoundary
[DEBUG] after UpdateBoundary
[STAGE] after UpdateBoundary step 263
[STAGE] before AddPlumeSourceAsync step 263
[DEBUG] plume params strength=0.08 radius_norm=0.08 swirl=0.02
[DEBUG] plume dims nx/ny/nz/count=64/64/64/262144
[DEBUG] plume radius/cx/cy/cz=5.12/32/9.6/32
[STAGE] after AddPlumeSourceAsync step 263
[STAGE] before AdvanceAsync step 263
[DEBUG] before AdvanceAsync
[DEBUG] after AdvanceAsync
[STAGE] after AdvanceAsync step 263
[STAGE] before ReinitAsync step 263
[DEBUG] before ReinitAsync
[DEBUG] after ReinitAsync
[STAGE] after ReinitAsync step 263
[STAGE] before UpdateBoundary step 264
[DEBUG] before UpdateBoundary
[DEBUG] after UpdateBoundary
[STAGE] after UpdateBoundary step 264
[STAGE] before AddPlumeSourceAsync step 264
[DEBUG] plume params strength=0.08 radius_norm=0.08 swirl=0.02
[DEBUG] plume dims nx/ny/nz/count=64/64/64/262144
[DEBUG] plume radius/cx/cy/cz=5.12/32/9.6/32
[STAGE] after AddPlumeSourceAsync step 264
[STAGE] before AdvanceAsync step 264
[DEBUG] before AdvanceAsync
[DEBUG] after AdvanceAsync
[STAGE] after AdvanceAsync step 264
[STAGE] before ReinitAsync step 264
[DEBUG] before ReinitAsync
[DEBUG] after ReinitAsync
[STAGE] after ReinitAsync step 264
[STAGE] before UpdateBoundary step 265
[DEBUG] before UpdateBoundary
[DEBUG] after UpdateBoundary
[STAGE] after UpdateBoundary step 265
[STAGE] before AddPlumeSourceAsync step 265
[DEBUG] plume params strength=0.08 radius_norm=0.08 swirl=0.02
[DEBUG] plume dims nx/ny/nz/count=64/64/64/262144
[DEBUG] plume radius/cx/cy/cz=5.12/32/9.6/32
[STAGE] after AddPlumeSourceAsync step 265
[STAGE] before AdvanceAsync step 265
[DEBUG] before AdvanceAsync
[DEBUG] after AdvanceAsync
[STAGE] after AdvanceAsync step 265
[STAGE] before ReinitAsync step 265
[DEBUG] before ReinitAsync
[DEBUG] after ReinitAsync
[STAGE] after ReinitAsync step 265
[STAGE] before UpdateBoundary step 266
[DEBUG] before UpdateBoundary
[DEBUG] after UpdateBoundary
[STAGE] after UpdateBoundary step 266
[STAGE] before AddPlumeSourceAsync step 266
[DEBUG] plume params strength=0.08 radius_norm=0.08 swirl=0.02
[DEBUG] plume dims nx/ny/nz/count=64/64/64/262144
[DEBUG] plume radius/cx/cy/cz=5.12/32/9.6/32
[STAGE] after AddPlumeSourceAsync step 266
[STAGE] before AdvanceAsync step 266
[DEBUG] before AdvanceAsync
[DEBUG] after AdvanceAsync
[STAGE] after AdvanceAsync step 266
[STAGE] before ReinitAsync step 266
[DEBUG] before ReinitAsync
[DEBUG] after ReinitAsync
[STAGE] after ReinitAsync step 266
[STAGE] before UpdateBoundary step 267
[DEBUG] before UpdateBoundary
[DEBUG] after UpdateBoundary
[STAGE] after UpdateBoundary step 267
[STAGE] before AddPlumeSourceAsync step 267
[DEBUG] plume params strength=0.08 radius_norm=0.08 swirl=0.02
[DEBUG] plume dims nx/ny/nz/count=64/64/64/262144
[DEBUG] plume radius/cx/cy/cz=5.12/32/9.6/32
[STAGE] after AddPlumeSourceAsync step 267
[STAGE] before AdvanceAsync step 267
[DEBUG] before AdvanceAsync
[DEBUG] after AdvanceAsync
[STAGE] after AdvanceAsync step 267
[STAGE] before ReinitAsync step 267
[DEBUG] before ReinitAsync
[DEBUG] after ReinitAsync
[STAGE] after ReinitAsync step 267
[STAGE] before UpdateBoundary step 268
[DEBUG] before UpdateBoundary
[DEBUG] after UpdateBoundary
[STAGE] after UpdateBoundary step 268
[STAGE] before AddPlumeSourceAsync step 268
[DEBUG] plume params strength=0.08 radius_norm=0.08 swirl=0.02
[DEBUG] plume dims nx/ny/nz/count=64/64/64/262144
[DEBUG] plume radius/cx/cy/cz=5.12/32/9.6/32
[STAGE] after AddPlumeSourceAsync step 268
[STAGE] before AdvanceAsync step 268
[DEBUG] before AdvanceAsync
[DEBUG] after AdvanceAsync
[STAGE] after AdvanceAsync step 268
[STAGE] before ReinitAsync step 268
[DEBUG] before ReinitAsync
[DEBUG] after ReinitAsync
[STAGE] after ReinitAsync step 268
[STAGE] before UpdateBoundary step 269
[DEBUG] before UpdateBoundary
[DEBUG] after UpdateBoundary
[STAGE] after UpdateBoundary step 269
[STAGE] before AddPlumeSourceAsync step 269
[DEBUG] plume params strength=0.08 radius_norm=0.08 swirl=0.02
[DEBUG] plume dims nx/ny/nz/count=64/64/64/262144
[DEBUG] plume radius/cx/cy/cz=5.12/32/9.6/32
[STAGE] after AddPlumeSourceAsync step 269
[STAGE] before AdvanceAsync step 269
[DEBUG] before AdvanceAsync
[DEBUG] after AdvanceAsync
[STAGE] after AdvanceAsync step 269
[STAGE] before ReinitAsync step 269
[DEBUG] before ReinitAsync
[DEBUG] after ReinitAsync
[STAGE] after ReinitAsync step 269
[STAGE] before UpdateBoundary step 270
[DEBUG] before UpdateBoundary
[DEBUG] after UpdateBoundary
[STAGE] after UpdateBoundary step 270
[STAGE] before AddPlumeSourceAsync step 270
[DEBUG] plume params strength=0.08 radius_norm=0.08 swirl=0.02
[DEBUG] plume dims nx/ny/nz/count=64/64/64/262144
[DEBUG] plume radius/cx/cy/cz=5.12/32/9.6/32
[STAGE] after AddPlumeSourceAsync step 270
[STAGE] before AdvanceAsync step 270
[DEBUG] before AdvanceAsync
[DEBUG] after AdvanceAsync
[STAGE] after AdvanceAsync step 270
[STAGE] before ReinitAsync step 270
[DEBUG] before ReinitAsync
[DEBUG] after ReinitAsync
[STAGE] after ReinitAsync step 270
[STAGE] before UpdateBoundary step 271
[DEBUG] before UpdateBoundary
[DEBUG] after UpdateBoundary
[STAGE] after UpdateBoundary step 271
[STAGE] before AddPlumeSourceAsync step 271
[DEBUG] plume params strength=0.08 radius_norm=0.08 swirl=0.02
[DEBUG] plume dims nx/ny/nz/count=64/64/64/262144
[DEBUG] plume radius/cx/cy/cz=5.12/32/9.6/32
[STAGE] after AddPlumeSourceAsync step 271
[STAGE] before AdvanceAsync step 271
[DEBUG] before AdvanceAsync
[DEBUG] after AdvanceAsync
[STAGE] after AdvanceAsync step 271
[STAGE] before ReinitAsync step 271
[DEBUG] before ReinitAsync
[DEBUG] after ReinitAsync
[STAGE] after ReinitAsync step 271
[STAGE] before UpdateBoundary step 272
[DEBUG] before UpdateBoundary
[DEBUG] after UpdateBoundary
[STAGE] after UpdateBoundary step 272
[STAGE] before AddPlumeSourceAsync step 272
[DEBUG] plume params strength=0.08 radius_norm=0.08 swirl=0.02
[DEBUG] plume dims nx/ny/nz/count=64/64/64/262144
[DEBUG] plume radius/cx/cy/cz=5.12/32/9.6/32
[STAGE] after AddPlumeSourceAsync step 272
[STAGE] before AdvanceAsync step 272
[DEBUG] before AdvanceAsync
[DEBUG] after AdvanceAsync
[STAGE] after AdvanceAsync step 272
[STAGE] before ReinitAsync step 272
[DEBUG] before ReinitAsync
[DEBUG] after ReinitAsync
[STAGE] after ReinitAsync step 272
[STAGE] before UpdateBoundary step 273
[DEBUG] before UpdateBoundary
[DEBUG] after UpdateBoundary
[STAGE] after UpdateBoundary step 273
[STAGE] before AddPlumeSourceAsync step 273
[DEBUG] plume params strength=0.08 radius_norm=0.08 swirl=0.02
[DEBUG] plume dims nx/ny/nz/count=64/64/64/262144
[DEBUG] plume radius/cx/cy/cz=5.12/32/9.6/32
[STAGE] after AddPlumeSourceAsync step 273
[STAGE] before AdvanceAsync step 273
[DEBUG] before AdvanceAsync
[DEBUG] after AdvanceAsync
[STAGE] after AdvanceAsync step 273
[STAGE] before ReinitAsync step 273
[DEBUG] before ReinitAsync
[DEBUG] after ReinitAsync
[STAGE] after ReinitAsync step 273
[STAGE] before UpdateBoundary step 274
[DEBUG] before UpdateBoundary
[DEBUG] after UpdateBoundary
[STAGE] after UpdateBoundary step 274
[STAGE] before AddPlumeSourceAsync step 274
[DEBUG] plume params strength=0.08 radius_norm=0.08 swirl=0.02
[DEBUG] plume dims nx/ny/nz/count=64/64/64/262144
[DEBUG] plume radius/cx/cy/cz=5.12/32/9.6/32
[STAGE] after AddPlumeSourceAsync step 274
[STAGE] before AdvanceAsync step 274
[DEBUG] before AdvanceAsync
[DEBUG] after AdvanceAsync
[STAGE] after AdvanceAsync step 274
[STAGE] before ReinitAsync step 274
[DEBUG] before ReinitAsync
[DEBUG] after ReinitAsync
[STAGE] after ReinitAsync step 274
[STAGE] before UpdateBoundary step 275
[DEBUG] before UpdateBoundary
[DEBUG] after UpdateBoundary
[STAGE] after UpdateBoundary step 275
[STAGE] before AddPlumeSourceAsync step 275
[DEBUG] plume params strength=0.08 radius_norm=0.08 swirl=0.02
[DEBUG] plume dims nx/ny/nz/count=64/64/64/262144
[DEBUG] plume radius/cx/cy/cz=5.12/32/9.6/32
[STAGE] after AddPlumeSourceAsync step 275
[STAGE] before AdvanceAsync step 275
[DEBUG] before AdvanceAsync
[DEBUG] after AdvanceAsync
[STAGE] after AdvanceAsync step 275
[STAGE] before ReinitAsync step 275
[DEBUG] before ReinitAsync
[DEBUG] after ReinitAsync
[STAGE] after ReinitAsync step 275
[STAGE] before UpdateBoundary step 276
[DEBUG] before UpdateBoundary
[DEBUG] after UpdateBoundary
[STAGE] after UpdateBoundary step 276
[STAGE] before AddPlumeSourceAsync step 276
[DEBUG] plume params strength=0.08 radius_norm=0.08 swirl=0.02
[DEBUG] plume dims nx/ny/nz/count=64/64/64/262144
[DEBUG] plume radius/cx/cy/cz=5.12/32/9.6/32
[STAGE] after AddPlumeSourceAsync step 276
[STAGE] before AdvanceAsync step 276
[DEBUG] before AdvanceAsync
[DEBUG] after AdvanceAsync
[STAGE] after AdvanceAsync step 276
[STAGE] before ReinitAsync step 276
[DEBUG] before ReinitAsync
[DEBUG] after ReinitAsync
[STAGE] after ReinitAsync step 276
[STAGE] before UpdateBoundary step 277
[DEBUG] before UpdateBoundary
[DEBUG] after UpdateBoundary
[STAGE] after UpdateBoundary step 277
[STAGE] before AddPlumeSourceAsync step 277
[DEBUG] plume params strength=0.08 radius_norm=0.08 swirl=0.02
[DEBUG] plume dims nx/ny/nz/count=64/64/64/262144
[DEBUG] plume radius/cx/cy/cz=5.12/32/9.6/32
[STAGE] after AddPlumeSourceAsync step 277
[STAGE] before AdvanceAsync step 277
[DEBUG] before AdvanceAsync
[DEBUG] after AdvanceAsync
[STAGE] after AdvanceAsync step 277
[STAGE] before ReinitAsync step 277
[DEBUG] before ReinitAsync
[DEBUG] after ReinitAsync
[STAGE] after ReinitAsync step 277
[STAGE] before UpdateBoundary step 278
[DEBUG] before UpdateBoundary
[DEBUG] after UpdateBoundary
[STAGE] after UpdateBoundary step 278
[STAGE] before AddPlumeSourceAsync step 278
[DEBUG] plume params strength=0.08 radius_norm=0.08 swirl=0.02
[DEBUG] plume dims nx/ny/nz/count=64/64/64/262144
[DEBUG] plume radius/cx/cy/cz=5.12/32/9.6/32
[STAGE] after AddPlumeSourceAsync step 278
[STAGE] before AdvanceAsync step 278
[DEBUG] before AdvanceAsync
[DEBUG] after AdvanceAsync
[STAGE] after AdvanceAsync step 278
[STAGE] before ReinitAsync step 278
[DEBUG] before ReinitAsync
[DEBUG] after ReinitAsync
[STAGE] after ReinitAsync step 278
[STAGE] before UpdateBoundary step 279
[DEBUG] before UpdateBoundary
[DEBUG] after UpdateBoundary
[STAGE] after UpdateBoundary step 279
[STAGE] before AddPlumeSourceAsync step 279
[DEBUG] plume params strength=0.08 radius_norm=0.08 swirl=0.02
[DEBUG] plume dims nx/ny/nz/count=64/64/64/262144
[DEBUG] plume radius/cx/cy/cz=5.12/32/9.6/32
[STAGE] after AddPlumeSourceAsync step 279
[STAGE] before AdvanceAsync step 279
[DEBUG] before AdvanceAsync
[DEBUG] after AdvanceAsync
[STAGE] after AdvanceAsync step 279
[STAGE] before ReinitAsync step 279
[DEBUG] before ReinitAsync
[DEBUG] after ReinitAsync
[STAGE] after ReinitAsync step 279
[STAGE] before UpdateBoundary step 280
[DEBUG] before UpdateBoundary
[DEBUG] after UpdateBoundary
[STAGE] after UpdateBoundary step 280
[STAGE] before AddPlumeSourceAsync step 280
[DEBUG] plume params strength=0.08 radius_norm=0.08 swirl=0.02
[DEBUG] plume dims nx/ny/nz/count=64/64/64/262144
[DEBUG] plume radius/cx/cy/cz=5.12/32/9.6/32
[STAGE] after AddPlumeSourceAsync step 280
[STAGE] before AdvanceAsync step 280
[DEBUG] before AdvanceAsync
[DEBUG] after AdvanceAsync
[STAGE] after AdvanceAsync step 280
[STAGE] before ReinitAsync step 280
[DEBUG] before ReinitAsync
[DEBUG] after ReinitAsync
[STAGE] after ReinitAsync step 280
[STAGE] before save frame 280
[DEBUG] before cudaStreamSynchronize
[STAGE] before save cudaStreamSynchronize frame 280
[DEBUG] after cudaStreamSynchronize
[STAGE] after save cudaStreamSynchronize frame 280
[DEBUG] save frame=280 path=/gscratch/amath/diwenxu/fire_pfm/ofm_dynamic/proj/dynamic_obstacle_headless/outputs/plume/res64/ps0.08_pr0.08_sw0.02_20260502_082604/vorticity/frame_000280.npy shape=(64,64,64) count=262144 estimated_mb=1
[OFM Headless] Saved vorticity to /gscratch/amath/diwenxu/fire_pfm/ofm_dynamic/proj/dynamic_obstacle_headless/outputs/plume/res64/ps0.08_pr0.08_sw0.02_20260502_082604/vorticity/frame_000280.npy
[STAGE] after save frame 280
[STAGE] before UpdateBoundary step 281
[DEBUG] before UpdateBoundary
[DEBUG] after UpdateBoundary
[STAGE] after UpdateBoundary step 281
[STAGE] before AddPlumeSourceAsync step 281
[DEBUG] plume params strength=0.08 radius_norm=0.08 swirl=0.02
[DEBUG] plume dims nx/ny/nz/count=64/64/64/262144
[DEBUG] plume radius/cx/cy/cz=5.12/32/9.6/32
[STAGE] after AddPlumeSourceAsync step 281
[STAGE] before AdvanceAsync step 281
[DEBUG] before AdvanceAsync
[DEBUG] after AdvanceAsync
[STAGE] after AdvanceAsync step 281
[STAGE] before ReinitAsync step 281
[DEBUG] before ReinitAsync
[DEBUG] after ReinitAsync
[STAGE] after ReinitAsync step 281
[STAGE] before UpdateBoundary step 282
[DEBUG] before UpdateBoundary
[DEBUG] after UpdateBoundary
[STAGE] after UpdateBoundary step 282
[STAGE] before AddPlumeSourceAsync step 282
[DEBUG] plume params strength=0.08 radius_norm=0.08 swirl=0.02
[DEBUG] plume dims nx/ny/nz/count=64/64/64/262144
[DEBUG] plume radius/cx/cy/cz=5.12/32/9.6/32
[STAGE] after AddPlumeSourceAsync step 282
[STAGE] before AdvanceAsync step 282
[DEBUG] before AdvanceAsync
[DEBUG] after AdvanceAsync
[STAGE] after AdvanceAsync step 282
[STAGE] before ReinitAsync step 282
[DEBUG] before ReinitAsync
[DEBUG] after ReinitAsync
[STAGE] after ReinitAsync step 282
[STAGE] before UpdateBoundary step 283
[DEBUG] before UpdateBoundary
[DEBUG] after UpdateBoundary
[STAGE] after UpdateBoundary step 283
[STAGE] before AddPlumeSourceAsync step 283
[DEBUG] plume params strength=0.08 radius_norm=0.08 swirl=0.02
[DEBUG] plume dims nx/ny/nz/count=64/64/64/262144
[DEBUG] plume radius/cx/cy/cz=5.12/32/9.6/32
[STAGE] after AddPlumeSourceAsync step 283
[STAGE] before AdvanceAsync step 283
[DEBUG] before AdvanceAsync
[DEBUG] after AdvanceAsync
[STAGE] after AdvanceAsync step 283
[STAGE] before ReinitAsync step 283
[DEBUG] before ReinitAsync
[DEBUG] after ReinitAsync
[STAGE] after ReinitAsync step 283
[STAGE] before UpdateBoundary step 284
[DEBUG] before UpdateBoundary
[DEBUG] after UpdateBoundary
[STAGE] after UpdateBoundary step 284
[STAGE] before AddPlumeSourceAsync step 284
[DEBUG] plume params strength=0.08 radius_norm=0.08 swirl=0.02
[DEBUG] plume dims nx/ny/nz/count=64/64/64/262144
[DEBUG] plume radius/cx/cy/cz=5.12/32/9.6/32
[STAGE] after AddPlumeSourceAsync step 284
[STAGE] before AdvanceAsync step 284
[DEBUG] before AdvanceAsync
[DEBUG] after AdvanceAsync
[STAGE] after AdvanceAsync step 284
[STAGE] before ReinitAsync step 284
[DEBUG] before ReinitAsync
[DEBUG] after ReinitAsync
[STAGE] after ReinitAsync step 284
[STAGE] before UpdateBoundary step 285
[DEBUG] before UpdateBoundary
[DEBUG] after UpdateBoundary
[STAGE] after UpdateBoundary step 285
[STAGE] before AddPlumeSourceAsync step 285
[DEBUG] plume params strength=0.08 radius_norm=0.08 swirl=0.02
[DEBUG] plume dims nx/ny/nz/count=64/64/64/262144
[DEBUG] plume radius/cx/cy/cz=5.12/32/9.6/32
[STAGE] after AddPlumeSourceAsync step 285
[STAGE] before AdvanceAsync step 285
[DEBUG] before AdvanceAsync
[DEBUG] after AdvanceAsync
[STAGE] after AdvanceAsync step 285
[STAGE] before ReinitAsync step 285
[DEBUG] before ReinitAsync
[DEBUG] after ReinitAsync
[STAGE] after ReinitAsync step 285
[STAGE] before UpdateBoundary step 286
[DEBUG] before UpdateBoundary
[DEBUG] after UpdateBoundary
[STAGE] after UpdateBoundary step 286
[STAGE] before AddPlumeSourceAsync step 286
[DEBUG] plume params strength=0.08 radius_norm=0.08 swirl=0.02
[DEBUG] plume dims nx/ny/nz/count=64/64/64/262144
[DEBUG] plume radius/cx/cy/cz=5.12/32/9.6/32
[STAGE] after AddPlumeSourceAsync step 286
[STAGE] before AdvanceAsync step 286
[DEBUG] before AdvanceAsync
[DEBUG] after AdvanceAsync
[STAGE] after AdvanceAsync step 286
[STAGE] before ReinitAsync step 286
[DEBUG] before ReinitAsync
[DEBUG] after ReinitAsync
[STAGE] after ReinitAsync step 286
[STAGE] before UpdateBoundary step 287
[DEBUG] before UpdateBoundary
[DEBUG] after UpdateBoundary
[STAGE] after UpdateBoundary step 287
[STAGE] before AddPlumeSourceAsync step 287
[DEBUG] plume params strength=0.08 radius_norm=0.08 swirl=0.02
[DEBUG] plume dims nx/ny/nz/count=64/64/64/262144
[DEBUG] plume radius/cx/cy/cz=5.12/32/9.6/32
[STAGE] after AddPlumeSourceAsync step 287
[STAGE] before AdvanceAsync step 287
[DEBUG] before AdvanceAsync
[DEBUG] after AdvanceAsync
[STAGE] after AdvanceAsync step 287
[STAGE] before ReinitAsync step 287
[DEBUG] before ReinitAsync
[DEBUG] after ReinitAsync
[STAGE] after ReinitAsync step 287
[STAGE] before UpdateBoundary step 288
[DEBUG] before UpdateBoundary
[DEBUG] after UpdateBoundary
[STAGE] after UpdateBoundary step 288
[STAGE] before AddPlumeSourceAsync step 288
[DEBUG] plume params strength=0.08 radius_norm=0.08 swirl=0.02
[DEBUG] plume dims nx/ny/nz/count=64/64/64/262144
[DEBUG] plume radius/cx/cy/cz=5.12/32/9.6/32
[STAGE] after AddPlumeSourceAsync step 288
[STAGE] before AdvanceAsync step 288
[DEBUG] before AdvanceAsync
[DEBUG] after AdvanceAsync
[STAGE] after AdvanceAsync step 288
[STAGE] before ReinitAsync step 288
[DEBUG] before ReinitAsync
[DEBUG] after ReinitAsync
[STAGE] after ReinitAsync step 288
[STAGE] before UpdateBoundary step 289
[DEBUG] before UpdateBoundary
[DEBUG] after UpdateBoundary
[STAGE] after UpdateBoundary step 289
[STAGE] before AddPlumeSourceAsync step 289
[DEBUG] plume params strength=0.08 radius_norm=0.08 swirl=0.02
[DEBUG] plume dims nx/ny/nz/count=64/64/64/262144
[DEBUG] plume radius/cx/cy/cz=5.12/32/9.6/32
[STAGE] after AddPlumeSourceAsync step 289
[STAGE] before AdvanceAsync step 289
[DEBUG] before AdvanceAsync
[DEBUG] after AdvanceAsync
[STAGE] after AdvanceAsync step 289
[STAGE] before ReinitAsync step 289
[DEBUG] before ReinitAsync
[DEBUG] after ReinitAsync
[STAGE] after ReinitAsync step 289
[STAGE] before UpdateBoundary step 290
[DEBUG] before UpdateBoundary
[DEBUG] after UpdateBoundary
[STAGE] after UpdateBoundary step 290
[STAGE] before AddPlumeSourceAsync step 290
[DEBUG] plume params strength=0.08 radius_norm=0.08 swirl=0.02
[DEBUG] plume dims nx/ny/nz/count=64/64/64/262144
[DEBUG] plume radius/cx/cy/cz=5.12/32/9.6/32
[STAGE] after AddPlumeSourceAsync step 290
[STAGE] before AdvanceAsync step 290
[DEBUG] before AdvanceAsync
[DEBUG] after AdvanceAsync
[STAGE] after AdvanceAsync step 290
[STAGE] before ReinitAsync step 290
[DEBUG] before ReinitAsync
[DEBUG] after ReinitAsync
[STAGE] after ReinitAsync step 290
[STAGE] before UpdateBoundary step 291
[DEBUG] before UpdateBoundary
[DEBUG] after UpdateBoundary
[STAGE] after UpdateBoundary step 291
[STAGE] before AddPlumeSourceAsync step 291
[DEBUG] plume params strength=0.08 radius_norm=0.08 swirl=0.02
[DEBUG] plume dims nx/ny/nz/count=64/64/64/262144
[DEBUG] plume radius/cx/cy/cz=5.12/32/9.6/32
[STAGE] after AddPlumeSourceAsync step 291
[STAGE] before AdvanceAsync step 291
[DEBUG] before AdvanceAsync
[DEBUG] after AdvanceAsync
[STAGE] after AdvanceAsync step 291
[STAGE] before ReinitAsync step 291
[DEBUG] before ReinitAsync
[DEBUG] after ReinitAsync
[STAGE] after ReinitAsync step 291
[STAGE] before UpdateBoundary step 292
[DEBUG] before UpdateBoundary
[DEBUG] after UpdateBoundary
[STAGE] after UpdateBoundary step 292
[STAGE] before AddPlumeSourceAsync step 292
[DEBUG] plume params strength=0.08 radius_norm=0.08 swirl=0.02
[DEBUG] plume dims nx/ny/nz/count=64/64/64/262144
[DEBUG] plume radius/cx/cy/cz=5.12/32/9.6/32
[STAGE] after AddPlumeSourceAsync step 292
[STAGE] before AdvanceAsync step 292
[DEBUG] before AdvanceAsync
[DEBUG] after AdvanceAsync
[STAGE] after AdvanceAsync step 292
[STAGE] before ReinitAsync step 292
[DEBUG] before ReinitAsync
[DEBUG] after ReinitAsync
[STAGE] after ReinitAsync step 292
[STAGE] before UpdateBoundary step 293
[DEBUG] before UpdateBoundary
[DEBUG] after UpdateBoundary
[STAGE] after UpdateBoundary step 293
[STAGE] before AddPlumeSourceAsync step 293
[DEBUG] plume params strength=0.08 radius_norm=0.08 swirl=0.02
[DEBUG] plume dims nx/ny/nz/count=64/64/64/262144
[DEBUG] plume radius/cx/cy/cz=5.12/32/9.6/32
[STAGE] after AddPlumeSourceAsync step 293
[STAGE] before AdvanceAsync step 293
[DEBUG] before AdvanceAsync
[DEBUG] after AdvanceAsync
[STAGE] after AdvanceAsync step 293
[STAGE] before ReinitAsync step 293
[DEBUG] before ReinitAsync
[DEBUG] after ReinitAsync
[STAGE] after ReinitAsync step 293
[STAGE] before UpdateBoundary step 294
[DEBUG] before UpdateBoundary
[DEBUG] after UpdateBoundary
[STAGE] after UpdateBoundary step 294
[STAGE] before AddPlumeSourceAsync step 294
[DEBUG] plume params strength=0.08 radius_norm=0.08 swirl=0.02
[DEBUG] plume dims nx/ny/nz/count=64/64/64/262144
[DEBUG] plume radius/cx/cy/cz=5.12/32/9.6/32
[STAGE] after AddPlumeSourceAsync step 294
[STAGE] before AdvanceAsync step 294
[DEBUG] before AdvanceAsync
[DEBUG] after AdvanceAsync
[STAGE] after AdvanceAsync step 294
[STAGE] before ReinitAsync step 294
[DEBUG] before ReinitAsync
[DEBUG] after ReinitAsync
[STAGE] after ReinitAsync step 294
[STAGE] before UpdateBoundary step 295
[DEBUG] before UpdateBoundary
[DEBUG] after UpdateBoundary
[STAGE] after UpdateBoundary step 295
[STAGE] before AddPlumeSourceAsync step 295
[DEBUG] plume params strength=0.08 radius_norm=0.08 swirl=0.02
[DEBUG] plume dims nx/ny/nz/count=64/64/64/262144
[DEBUG] plume radius/cx/cy/cz=5.12/32/9.6/32
[STAGE] after AddPlumeSourceAsync step 295
[STAGE] before AdvanceAsync step 295
[DEBUG] before AdvanceAsync
[DEBUG] after AdvanceAsync
[STAGE] after AdvanceAsync step 295
[STAGE] before ReinitAsync step 295
[DEBUG] before ReinitAsync
[DEBUG] after ReinitAsync
[STAGE] after ReinitAsync step 295
[STAGE] before UpdateBoundary step 296
[DEBUG] before UpdateBoundary
[DEBUG] after UpdateBoundary
[STAGE] after UpdateBoundary step 296
[STAGE] before AddPlumeSourceAsync step 296
[DEBUG] plume params strength=0.08 radius_norm=0.08 swirl=0.02
[DEBUG] plume dims nx/ny/nz/count=64/64/64/262144
[DEBUG] plume radius/cx/cy/cz=5.12/32/9.6/32
[STAGE] after AddPlumeSourceAsync step 296
[STAGE] before AdvanceAsync step 296
[DEBUG] before AdvanceAsync
[DEBUG] after AdvanceAsync
[STAGE] after AdvanceAsync step 296
[STAGE] before ReinitAsync step 296
[DEBUG] before ReinitAsync
[DEBUG] after ReinitAsync
[STAGE] after ReinitAsync step 296
[STAGE] before UpdateBoundary step 297
[DEBUG] before UpdateBoundary
[DEBUG] after UpdateBoundary
[STAGE] after UpdateBoundary step 297
[STAGE] before AddPlumeSourceAsync step 297
[DEBUG] plume params strength=0.08 radius_norm=0.08 swirl=0.02
[DEBUG] plume dims nx/ny/nz/count=64/64/64/262144
[DEBUG] plume radius/cx/cy/cz=5.12/32/9.6/32
[STAGE] after AddPlumeSourceAsync step 297
[STAGE] before AdvanceAsync step 297
[DEBUG] before AdvanceAsync
[DEBUG] after AdvanceAsync
[STAGE] after AdvanceAsync step 297
[STAGE] before ReinitAsync step 297
[DEBUG] before ReinitAsync
[DEBUG] after ReinitAsync
[STAGE] after ReinitAsync step 297
[STAGE] before UpdateBoundary step 298
[DEBUG] before UpdateBoundary
[DEBUG] after UpdateBoundary
[STAGE] after UpdateBoundary step 298
[STAGE] before AddPlumeSourceAsync step 298
[DEBUG] plume params strength=0.08 radius_norm=0.08 swirl=0.02
[DEBUG] plume dims nx/ny/nz/count=64/64/64/262144
[DEBUG] plume radius/cx/cy/cz=5.12/32/9.6/32
[STAGE] after AddPlumeSourceAsync step 298
[STAGE] before AdvanceAsync step 298
[DEBUG] before AdvanceAsync
[DEBUG] after AdvanceAsync
[STAGE] after AdvanceAsync step 298
[STAGE] before ReinitAsync step 298
[DEBUG] before ReinitAsync
[DEBUG] after ReinitAsync
[STAGE] after ReinitAsync step 298
[STAGE] before UpdateBoundary step 299
[DEBUG] before UpdateBoundary
[DEBUG] after UpdateBoundary
[STAGE] after UpdateBoundary step 299
[STAGE] before AddPlumeSourceAsync step 299
[DEBUG] plume params strength=0.08 radius_norm=0.08 swirl=0.02
[DEBUG] plume dims nx/ny/nz/count=64/64/64/262144
[DEBUG] plume radius/cx/cy/cz=5.12/32/9.6/32
[STAGE] after AddPlumeSourceAsync step 299
[STAGE] before AdvanceAsync step 299
[DEBUG] before AdvanceAsync
[DEBUG] after AdvanceAsync
[STAGE] after AdvanceAsync step 299
[STAGE] before ReinitAsync step 299
[DEBUG] before ReinitAsync
[DEBUG] after ReinitAsync
[STAGE] after ReinitAsync step 299
[STAGE] before UpdateBoundary step 300
[DEBUG] before UpdateBoundary
[DEBUG] after UpdateBoundary
[STAGE] after UpdateBoundary step 300
[STAGE] before AddPlumeSourceAsync step 300
[DEBUG] plume params strength=0.08 radius_norm=0.08 swirl=0.02
[DEBUG] plume dims nx/ny/nz/count=64/64/64/262144
[DEBUG] plume radius/cx/cy/cz=5.12/32/9.6/32
[STAGE] after AddPlumeSourceAsync step 300
[STAGE] before AdvanceAsync step 300
[DEBUG] before AdvanceAsync
[DEBUG] after AdvanceAsync
[STAGE] after AdvanceAsync step 300
[STAGE] before ReinitAsync step 300
[DEBUG] before ReinitAsync
[DEBUG] after ReinitAsync
[STAGE] after ReinitAsync step 300
[OFM Headless] Step 301 / 400
[STAGE] before UpdateBoundary step 301
[DEBUG] before UpdateBoundary
[DEBUG] after UpdateBoundary
[STAGE] after UpdateBoundary step 301
[STAGE] before AddPlumeSourceAsync step 301
[DEBUG] plume params strength=0.08 radius_norm=0.08 swirl=0.02
[DEBUG] plume dims nx/ny/nz/count=64/64/64/262144
[DEBUG] plume radius/cx/cy/cz=5.12/32/9.6/32
[STAGE] after AddPlumeSourceAsync step 301
[STAGE] before AdvanceAsync step 301
[DEBUG] before AdvanceAsync
[DEBUG] after AdvanceAsync
[STAGE] after AdvanceAsync step 301
[STAGE] before ReinitAsync step 301
[DEBUG] before ReinitAsync
[DEBUG] after ReinitAsync
[STAGE] after ReinitAsync step 301
[STAGE] before UpdateBoundary step 302
[DEBUG] before UpdateBoundary
[DEBUG] after UpdateBoundary
[STAGE] after UpdateBoundary step 302
[STAGE] before AddPlumeSourceAsync step 302
[DEBUG] plume params strength=0.08 radius_norm=0.08 swirl=0.02
[DEBUG] plume dims nx/ny/nz/count=64/64/64/262144
[DEBUG] plume radius/cx/cy/cz=5.12/32/9.6/32
[STAGE] after AddPlumeSourceAsync step 302
[STAGE] before AdvanceAsync step 302
[DEBUG] before AdvanceAsync
[DEBUG] after AdvanceAsync
[STAGE] after AdvanceAsync step 302
[STAGE] before ReinitAsync step 302
[DEBUG] before ReinitAsync
[DEBUG] after ReinitAsync
[STAGE] after ReinitAsync step 302
[STAGE] before UpdateBoundary step 303
[DEBUG] before UpdateBoundary
[DEBUG] after UpdateBoundary
[STAGE] after UpdateBoundary step 303
[STAGE] before AddPlumeSourceAsync step 303
[DEBUG] plume params strength=0.08 radius_norm=0.08 swirl=0.02
[DEBUG] plume dims nx/ny/nz/count=64/64/64/262144
[DEBUG] plume radius/cx/cy/cz=5.12/32/9.6/32
[STAGE] after AddPlumeSourceAsync step 303
[STAGE] before AdvanceAsync step 303
[DEBUG] before AdvanceAsync
[DEBUG] after AdvanceAsync
[STAGE] after AdvanceAsync step 303
[STAGE] before ReinitAsync step 303
[DEBUG] before ReinitAsync
[DEBUG] after ReinitAsync
[STAGE] after ReinitAsync step 303
[STAGE] before UpdateBoundary step 304
[DEBUG] before UpdateBoundary
[DEBUG] after UpdateBoundary
[STAGE] after UpdateBoundary step 304
[STAGE] before AddPlumeSourceAsync step 304
[DEBUG] plume params strength=0.08 radius_norm=0.08 swirl=0.02
[DEBUG] plume dims nx/ny/nz/count=64/64/64/262144
[DEBUG] plume radius/cx/cy/cz=5.12/32/9.6/32
[STAGE] after AddPlumeSourceAsync step 304
[STAGE] before AdvanceAsync step 304
[DEBUG] before AdvanceAsync
[DEBUG] after AdvanceAsync
[STAGE] after AdvanceAsync step 304
[STAGE] before ReinitAsync step 304
[DEBUG] before ReinitAsync
[DEBUG] after ReinitAsync
[STAGE] after ReinitAsync step 304
[STAGE] before UpdateBoundary step 305
[DEBUG] before UpdateBoundary
[DEBUG] after UpdateBoundary
[STAGE] after UpdateBoundary step 305
[STAGE] before AddPlumeSourceAsync step 305
[DEBUG] plume params strength=0.08 radius_norm=0.08 swirl=0.02
[DEBUG] plume dims nx/ny/nz/count=64/64/64/262144
[DEBUG] plume radius/cx/cy/cz=5.12/32/9.6/32
[STAGE] after AddPlumeSourceAsync step 305
[STAGE] before AdvanceAsync step 305
[DEBUG] before AdvanceAsync
[DEBUG] after AdvanceAsync
[STAGE] after AdvanceAsync step 305
[STAGE] before ReinitAsync step 305
[DEBUG] before ReinitAsync
[DEBUG] after ReinitAsync
[STAGE] after ReinitAsync step 305
[STAGE] before UpdateBoundary step 306
[DEBUG] before UpdateBoundary
[DEBUG] after UpdateBoundary
[STAGE] after UpdateBoundary step 306
[STAGE] before AddPlumeSourceAsync step 306
[DEBUG] plume params strength=0.08 radius_norm=0.08 swirl=0.02
[DEBUG] plume dims nx/ny/nz/count=64/64/64/262144
[DEBUG] plume radius/cx/cy/cz=5.12/32/9.6/32
[STAGE] after AddPlumeSourceAsync step 306
[STAGE] before AdvanceAsync step 306
[DEBUG] before AdvanceAsync
[DEBUG] after AdvanceAsync
[STAGE] after AdvanceAsync step 306
[STAGE] before ReinitAsync step 306
[DEBUG] before ReinitAsync
[DEBUG] after ReinitAsync
[STAGE] after ReinitAsync step 306
[STAGE] before UpdateBoundary step 307
[DEBUG] before UpdateBoundary
[DEBUG] after UpdateBoundary
[STAGE] after UpdateBoundary step 307
[STAGE] before AddPlumeSourceAsync step 307
[DEBUG] plume params strength=0.08 radius_norm=0.08 swirl=0.02
[DEBUG] plume dims nx/ny/nz/count=64/64/64/262144
[DEBUG] plume radius/cx/cy/cz=5.12/32/9.6/32
[STAGE] after AddPlumeSourceAsync step 307
[STAGE] before AdvanceAsync step 307
[DEBUG] before AdvanceAsync
[DEBUG] after AdvanceAsync
[STAGE] after AdvanceAsync step 307
[STAGE] before ReinitAsync step 307
[DEBUG] before ReinitAsync
[DEBUG] after ReinitAsync
[STAGE] after ReinitAsync step 307
[STAGE] before UpdateBoundary step 308
[DEBUG] before UpdateBoundary
[DEBUG] after UpdateBoundary
[STAGE] after UpdateBoundary step 308
[STAGE] before AddPlumeSourceAsync step 308
[DEBUG] plume params strength=0.08 radius_norm=0.08 swirl=0.02
[DEBUG] plume dims nx/ny/nz/count=64/64/64/262144
[DEBUG] plume radius/cx/cy/cz=5.12/32/9.6/32
[STAGE] after AddPlumeSourceAsync step 308
[STAGE] before AdvanceAsync step 308
[DEBUG] before AdvanceAsync
[DEBUG] after AdvanceAsync
[STAGE] after AdvanceAsync step 308
[STAGE] before ReinitAsync step 308
[DEBUG] before ReinitAsync
[DEBUG] after ReinitAsync
[STAGE] after ReinitAsync step 308
[STAGE] before UpdateBoundary step 309
[DEBUG] before UpdateBoundary
[DEBUG] after UpdateBoundary
[STAGE] after UpdateBoundary step 309
[STAGE] before AddPlumeSourceAsync step 309
[DEBUG] plume params strength=0.08 radius_norm=0.08 swirl=0.02
[DEBUG] plume dims nx/ny/nz/count=64/64/64/262144
[DEBUG] plume radius/cx/cy/cz=5.12/32/9.6/32
[STAGE] after AddPlumeSourceAsync step 309
[STAGE] before AdvanceAsync step 309
[DEBUG] before AdvanceAsync
[DEBUG] after AdvanceAsync
[STAGE] after AdvanceAsync step 309
[STAGE] before ReinitAsync step 309
[DEBUG] before ReinitAsync
[DEBUG] after ReinitAsync
[STAGE] after ReinitAsync step 309
[STAGE] before UpdateBoundary step 310
[DEBUG] before UpdateBoundary
[DEBUG] after UpdateBoundary
[STAGE] after UpdateBoundary step 310
[STAGE] before AddPlumeSourceAsync step 310
[DEBUG] plume params strength=0.08 radius_norm=0.08 swirl=0.02
[DEBUG] plume dims nx/ny/nz/count=64/64/64/262144
[DEBUG] plume radius/cx/cy/cz=5.12/32/9.6/32
[STAGE] after AddPlumeSourceAsync step 310
[STAGE] before AdvanceAsync step 310
[DEBUG] before AdvanceAsync
[DEBUG] after AdvanceAsync
[STAGE] after AdvanceAsync step 310
[STAGE] before ReinitAsync step 310
[DEBUG] before ReinitAsync
[DEBUG] after ReinitAsync
[STAGE] after ReinitAsync step 310
[STAGE] before UpdateBoundary step 311
[DEBUG] before UpdateBoundary
[DEBUG] after UpdateBoundary
[STAGE] after UpdateBoundary step 311
[STAGE] before AddPlumeSourceAsync step 311
[DEBUG] plume params strength=0.08 radius_norm=0.08 swirl=0.02
[DEBUG] plume dims nx/ny/nz/count=64/64/64/262144
[DEBUG] plume radius/cx/cy/cz=5.12/32/9.6/32
[STAGE] after AddPlumeSourceAsync step 311
[STAGE] before AdvanceAsync step 311
[DEBUG] before AdvanceAsync
[DEBUG] after AdvanceAsync
[STAGE] after AdvanceAsync step 311
[STAGE] before ReinitAsync step 311
[DEBUG] before ReinitAsync
[DEBUG] after ReinitAsync
[STAGE] after ReinitAsync step 311
[STAGE] before UpdateBoundary step 312
[DEBUG] before UpdateBoundary
[DEBUG] after UpdateBoundary
[STAGE] after UpdateBoundary step 312
[STAGE] before AddPlumeSourceAsync step 312
[DEBUG] plume params strength=0.08 radius_norm=0.08 swirl=0.02
[DEBUG] plume dims nx/ny/nz/count=64/64/64/262144
[DEBUG] plume radius/cx/cy/cz=5.12/32/9.6/32
[STAGE] after AddPlumeSourceAsync step 312
[STAGE] before AdvanceAsync step 312
[DEBUG] before AdvanceAsync
[DEBUG] after AdvanceAsync
[STAGE] after AdvanceAsync step 312
[STAGE] before ReinitAsync step 312
[DEBUG] before ReinitAsync
[DEBUG] after ReinitAsync
[STAGE] after ReinitAsync step 312
[STAGE] before UpdateBoundary step 313
[DEBUG] before UpdateBoundary
[DEBUG] after UpdateBoundary
[STAGE] after UpdateBoundary step 313
[STAGE] before AddPlumeSourceAsync step 313
[DEBUG] plume params strength=0.08 radius_norm=0.08 swirl=0.02
[DEBUG] plume dims nx/ny/nz/count=64/64/64/262144
[DEBUG] plume radius/cx/cy/cz=5.12/32/9.6/32
[STAGE] after AddPlumeSourceAsync step 313
[STAGE] before AdvanceAsync step 313
[DEBUG] before AdvanceAsync
[DEBUG] after AdvanceAsync
[STAGE] after AdvanceAsync step 313
[STAGE] before ReinitAsync step 313
[DEBUG] before ReinitAsync
[DEBUG] after ReinitAsync
[STAGE] after ReinitAsync step 313
[STAGE] before UpdateBoundary step 314
[DEBUG] before UpdateBoundary
[DEBUG] after UpdateBoundary
[STAGE] after UpdateBoundary step 314
[STAGE] before AddPlumeSourceAsync step 314
[DEBUG] plume params strength=0.08 radius_norm=0.08 swirl=0.02
[DEBUG] plume dims nx/ny/nz/count=64/64/64/262144
[DEBUG] plume radius/cx/cy/cz=5.12/32/9.6/32
[STAGE] after AddPlumeSourceAsync step 314
[STAGE] before AdvanceAsync step 314
[DEBUG] before AdvanceAsync
[DEBUG] after AdvanceAsync
[STAGE] after AdvanceAsync step 314
[STAGE] before ReinitAsync step 314
[DEBUG] before ReinitAsync
[DEBUG] after ReinitAsync
[STAGE] after ReinitAsync step 314
[STAGE] before UpdateBoundary step 315
[DEBUG] before UpdateBoundary
[DEBUG] after UpdateBoundary
[STAGE] after UpdateBoundary step 315
[STAGE] before AddPlumeSourceAsync step 315
[DEBUG] plume params strength=0.08 radius_norm=0.08 swirl=0.02
[DEBUG] plume dims nx/ny/nz/count=64/64/64/262144
[DEBUG] plume radius/cx/cy/cz=5.12/32/9.6/32
[STAGE] after AddPlumeSourceAsync step 315
[STAGE] before AdvanceAsync step 315
[DEBUG] before AdvanceAsync
[DEBUG] after AdvanceAsync
[STAGE] after AdvanceAsync step 315
[STAGE] before ReinitAsync step 315
[DEBUG] before ReinitAsync
[DEBUG] after ReinitAsync
[STAGE] after ReinitAsync step 315
[STAGE] before UpdateBoundary step 316
[DEBUG] before UpdateBoundary
[DEBUG] after UpdateBoundary
[STAGE] after UpdateBoundary step 316
[STAGE] before AddPlumeSourceAsync step 316
[DEBUG] plume params strength=0.08 radius_norm=0.08 swirl=0.02
[DEBUG] plume dims nx/ny/nz/count=64/64/64/262144
[DEBUG] plume radius/cx/cy/cz=5.12/32/9.6/32
[STAGE] after AddPlumeSourceAsync step 316
[STAGE] before AdvanceAsync step 316
[DEBUG] before AdvanceAsync
[DEBUG] after AdvanceAsync
[STAGE] after AdvanceAsync step 316
[STAGE] before ReinitAsync step 316
[DEBUG] before ReinitAsync
[DEBUG] after ReinitAsync
[STAGE] after ReinitAsync step 316
[STAGE] before UpdateBoundary step 317
[DEBUG] before UpdateBoundary
[DEBUG] after UpdateBoundary
[STAGE] after UpdateBoundary step 317
[STAGE] before AddPlumeSourceAsync step 317
[DEBUG] plume params strength=0.08 radius_norm=0.08 swirl=0.02
[DEBUG] plume dims nx/ny/nz/count=64/64/64/262144
[DEBUG] plume radius/cx/cy/cz=5.12/32/9.6/32
[STAGE] after AddPlumeSourceAsync step 317
[STAGE] before AdvanceAsync step 317
[DEBUG] before AdvanceAsync
[DEBUG] after AdvanceAsync
[STAGE] after AdvanceAsync step 317
[STAGE] before ReinitAsync step 317
[DEBUG] before ReinitAsync
[DEBUG] after ReinitAsync
[STAGE] after ReinitAsync step 317
[STAGE] before UpdateBoundary step 318
[DEBUG] before UpdateBoundary
[DEBUG] after UpdateBoundary
[STAGE] after UpdateBoundary step 318
[STAGE] before AddPlumeSourceAsync step 318
[DEBUG] plume params strength=0.08 radius_norm=0.08 swirl=0.02
[DEBUG] plume dims nx/ny/nz/count=64/64/64/262144
[DEBUG] plume radius/cx/cy/cz=5.12/32/9.6/32
[STAGE] after AddPlumeSourceAsync step 318
[STAGE] before AdvanceAsync step 318
[DEBUG] before AdvanceAsync
[DEBUG] after AdvanceAsync
[STAGE] after AdvanceAsync step 318
[STAGE] before ReinitAsync step 318
[DEBUG] before ReinitAsync
[DEBUG] after ReinitAsync
[STAGE] after ReinitAsync step 318
[STAGE] before UpdateBoundary step 319
[DEBUG] before UpdateBoundary
[DEBUG] after UpdateBoundary
[STAGE] after UpdateBoundary step 319
[STAGE] before AddPlumeSourceAsync step 319
[DEBUG] plume params strength=0.08 radius_norm=0.08 swirl=0.02
[DEBUG] plume dims nx/ny/nz/count=64/64/64/262144
[DEBUG] plume radius/cx/cy/cz=5.12/32/9.6/32
[STAGE] after AddPlumeSourceAsync step 319
[STAGE] before AdvanceAsync step 319
[DEBUG] before AdvanceAsync
[DEBUG] after AdvanceAsync
[STAGE] after AdvanceAsync step 319
[STAGE] before ReinitAsync step 319
[DEBUG] before ReinitAsync
[DEBUG] after ReinitAsync
[STAGE] after ReinitAsync step 319
[STAGE] before UpdateBoundary step 320
[DEBUG] before UpdateBoundary
[DEBUG] after UpdateBoundary
[STAGE] after UpdateBoundary step 320
[STAGE] before AddPlumeSourceAsync step 320
[DEBUG] plume params strength=0.08 radius_norm=0.08 swirl=0.02
[DEBUG] plume dims nx/ny/nz/count=64/64/64/262144
[DEBUG] plume radius/cx/cy/cz=5.12/32/9.6/32
[STAGE] after AddPlumeSourceAsync step 320
[STAGE] before AdvanceAsync step 320
[DEBUG] before AdvanceAsync
[DEBUG] after AdvanceAsync
[STAGE] after AdvanceAsync step 320
[STAGE] before ReinitAsync step 320
[DEBUG] before ReinitAsync
[DEBUG] after ReinitAsync
[STAGE] after ReinitAsync step 320
[STAGE] before save frame 320
[DEBUG] before cudaStreamSynchronize
[STAGE] before save cudaStreamSynchronize frame 320
[DEBUG] after cudaStreamSynchronize
[STAGE] after save cudaStreamSynchronize frame 320
[DEBUG] save frame=320 path=/gscratch/amath/diwenxu/fire_pfm/ofm_dynamic/proj/dynamic_obstacle_headless/outputs/plume/res64/ps0.08_pr0.08_sw0.02_20260502_082604/vorticity/frame_000320.npy shape=(64,64,64) count=262144 estimated_mb=1
[OFM Headless] Saved vorticity to /gscratch/amath/diwenxu/fire_pfm/ofm_dynamic/proj/dynamic_obstacle_headless/outputs/plume/res64/ps0.08_pr0.08_sw0.02_20260502_082604/vorticity/frame_000320.npy
[STAGE] after save frame 320
[STAGE] before UpdateBoundary step 321
[DEBUG] before UpdateBoundary
[DEBUG] after UpdateBoundary
[STAGE] after UpdateBoundary step 321
[STAGE] before AddPlumeSourceAsync step 321
[DEBUG] plume params strength=0.08 radius_norm=0.08 swirl=0.02
[DEBUG] plume dims nx/ny/nz/count=64/64/64/262144
[DEBUG] plume radius/cx/cy/cz=5.12/32/9.6/32
[STAGE] after AddPlumeSourceAsync step 321
[STAGE] before AdvanceAsync step 321
[DEBUG] before AdvanceAsync
[DEBUG] after AdvanceAsync
[STAGE] after AdvanceAsync step 321
[STAGE] before ReinitAsync step 321
[DEBUG] before ReinitAsync
[DEBUG] after ReinitAsync
[STAGE] after ReinitAsync step 321
[STAGE] before UpdateBoundary step 322
[DEBUG] before UpdateBoundary
[DEBUG] after UpdateBoundary
[STAGE] after UpdateBoundary step 322
[STAGE] before AddPlumeSourceAsync step 322
[DEBUG] plume params strength=0.08 radius_norm=0.08 swirl=0.02
[DEBUG] plume dims nx/ny/nz/count=64/64/64/262144
[DEBUG] plume radius/cx/cy/cz=5.12/32/9.6/32
[STAGE] after AddPlumeSourceAsync step 322
[STAGE] before AdvanceAsync step 322
[DEBUG] before AdvanceAsync
[DEBUG] after AdvanceAsync
[STAGE] after AdvanceAsync step 322
[STAGE] before ReinitAsync step 322
[DEBUG] before ReinitAsync
[DEBUG] after ReinitAsync
[STAGE] after ReinitAsync step 322
[STAGE] before UpdateBoundary step 323
[DEBUG] before UpdateBoundary
[DEBUG] after UpdateBoundary
[STAGE] after UpdateBoundary step 323
[STAGE] before AddPlumeSourceAsync step 323
[DEBUG] plume params strength=0.08 radius_norm=0.08 swirl=0.02
[DEBUG] plume dims nx/ny/nz/count=64/64/64/262144
[DEBUG] plume radius/cx/cy/cz=5.12/32/9.6/32
[STAGE] after AddPlumeSourceAsync step 323
[STAGE] before AdvanceAsync step 323
[DEBUG] before AdvanceAsync
[DEBUG] after AdvanceAsync
[STAGE] after AdvanceAsync step 323
[STAGE] before ReinitAsync step 323
[DEBUG] before ReinitAsync
[DEBUG] after ReinitAsync
[STAGE] after ReinitAsync step 323
[STAGE] before UpdateBoundary step 324
[DEBUG] before UpdateBoundary
[DEBUG] after UpdateBoundary
[STAGE] after UpdateBoundary step 324
[STAGE] before AddPlumeSourceAsync step 324
[DEBUG] plume params strength=0.08 radius_norm=0.08 swirl=0.02
[DEBUG] plume dims nx/ny/nz/count=64/64/64/262144
[DEBUG] plume radius/cx/cy/cz=5.12/32/9.6/32
[STAGE] after AddPlumeSourceAsync step 324
[STAGE] before AdvanceAsync step 324
[DEBUG] before AdvanceAsync
[DEBUG] after AdvanceAsync
[STAGE] after AdvanceAsync step 324
[STAGE] before ReinitAsync step 324
[DEBUG] before ReinitAsync
[DEBUG] after ReinitAsync
[STAGE] after ReinitAsync step 324
[STAGE] before UpdateBoundary step 325
[DEBUG] before UpdateBoundary
[DEBUG] after UpdateBoundary
[STAGE] after UpdateBoundary step 325
[STAGE] before AddPlumeSourceAsync step 325
[DEBUG] plume params strength=0.08 radius_norm=0.08 swirl=0.02
[DEBUG] plume dims nx/ny/nz/count=64/64/64/262144
[DEBUG] plume radius/cx/cy/cz=5.12/32/9.6/32
[STAGE] after AddPlumeSourceAsync step 325
[STAGE] before AdvanceAsync step 325
[DEBUG] before AdvanceAsync
[DEBUG] after AdvanceAsync
[STAGE] after AdvanceAsync step 325
[STAGE] before ReinitAsync step 325
[DEBUG] before ReinitAsync
[DEBUG] after ReinitAsync
[STAGE] after ReinitAsync step 325
[STAGE] before UpdateBoundary step 326
[DEBUG] before UpdateBoundary
[DEBUG] after UpdateBoundary
[STAGE] after UpdateBoundary step 326
[STAGE] before AddPlumeSourceAsync step 326
[DEBUG] plume params strength=0.08 radius_norm=0.08 swirl=0.02
[DEBUG] plume dims nx/ny/nz/count=64/64/64/262144
[DEBUG] plume radius/cx/cy/cz=5.12/32/9.6/32
[STAGE] after AddPlumeSourceAsync step 326
[STAGE] before AdvanceAsync step 326
[DEBUG] before AdvanceAsync
[DEBUG] after AdvanceAsync
[STAGE] after AdvanceAsync step 326
[STAGE] before ReinitAsync step 326
[DEBUG] before ReinitAsync
[DEBUG] after ReinitAsync
[STAGE] after ReinitAsync step 326
[STAGE] before UpdateBoundary step 327
[DEBUG] before UpdateBoundary
[DEBUG] after UpdateBoundary
[STAGE] after UpdateBoundary step 327
[STAGE] before AddPlumeSourceAsync step 327
[DEBUG] plume params strength=0.08 radius_norm=0.08 swirl=0.02
[DEBUG] plume dims nx/ny/nz/count=64/64/64/262144
[DEBUG] plume radius/cx/cy/cz=5.12/32/9.6/32
[STAGE] after AddPlumeSourceAsync step 327
[STAGE] before AdvanceAsync step 327
[DEBUG] before AdvanceAsync
[DEBUG] after AdvanceAsync
[STAGE] after AdvanceAsync step 327
[STAGE] before ReinitAsync step 327
[DEBUG] before ReinitAsync
[DEBUG] after ReinitAsync
[STAGE] after ReinitAsync step 327
[STAGE] before UpdateBoundary step 328
[DEBUG] before UpdateBoundary
[DEBUG] after UpdateBoundary
[STAGE] after UpdateBoundary step 328
[STAGE] before AddPlumeSourceAsync step 328
[DEBUG] plume params strength=0.08 radius_norm=0.08 swirl=0.02
[DEBUG] plume dims nx/ny/nz/count=64/64/64/262144
[DEBUG] plume radius/cx/cy/cz=5.12/32/9.6/32
[STAGE] after AddPlumeSourceAsync step 328
[STAGE] before AdvanceAsync step 328
[DEBUG] before AdvanceAsync
[DEBUG] after AdvanceAsync
[STAGE] after AdvanceAsync step 328
[STAGE] before ReinitAsync step 328
[DEBUG] before ReinitAsync
[DEBUG] after ReinitAsync
[STAGE] after ReinitAsync step 328
[STAGE] before UpdateBoundary step 329
[DEBUG] before UpdateBoundary
[DEBUG] after UpdateBoundary
[STAGE] after UpdateBoundary step 329
[STAGE] before AddPlumeSourceAsync step 329
[DEBUG] plume params strength=0.08 radius_norm=0.08 swirl=0.02
[DEBUG] plume dims nx/ny/nz/count=64/64/64/262144
[DEBUG] plume radius/cx/cy/cz=5.12/32/9.6/32
[STAGE] after AddPlumeSourceAsync step 329
[STAGE] before AdvanceAsync step 329
[DEBUG] before AdvanceAsync
[DEBUG] after AdvanceAsync
[STAGE] after AdvanceAsync step 329
[STAGE] before ReinitAsync step 329
[DEBUG] before ReinitAsync
[DEBUG] after ReinitAsync
[STAGE] after ReinitAsync step 329
[STAGE] before UpdateBoundary step 330
[DEBUG] before UpdateBoundary
[DEBUG] after UpdateBoundary
[STAGE] after UpdateBoundary step 330
[STAGE] before AddPlumeSourceAsync step 330
[DEBUG] plume params strength=0.08 radius_norm=0.08 swirl=0.02
[DEBUG] plume dims nx/ny/nz/count=64/64/64/262144
[DEBUG] plume radius/cx/cy/cz=5.12/32/9.6/32
[STAGE] after AddPlumeSourceAsync step 330
[STAGE] before AdvanceAsync step 330
[DEBUG] before AdvanceAsync
[DEBUG] after AdvanceAsync
[STAGE] after AdvanceAsync step 330
[STAGE] before ReinitAsync step 330
[DEBUG] before ReinitAsync
[DEBUG] after ReinitAsync
[STAGE] after ReinitAsync step 330
[STAGE] before UpdateBoundary step 331
[DEBUG] before UpdateBoundary
[DEBUG] after UpdateBoundary
[STAGE] after UpdateBoundary step 331
[STAGE] before AddPlumeSourceAsync step 331
[DEBUG] plume params strength=0.08 radius_norm=0.08 swirl=0.02
[DEBUG] plume dims nx/ny/nz/count=64/64/64/262144
[DEBUG] plume radius/cx/cy/cz=5.12/32/9.6/32
[STAGE] after AddPlumeSourceAsync step 331
[STAGE] before AdvanceAsync step 331
[DEBUG] before AdvanceAsync
[DEBUG] after AdvanceAsync
[STAGE] after AdvanceAsync step 331
[STAGE] before ReinitAsync step 331
[DEBUG] before ReinitAsync
[DEBUG] after ReinitAsync
[STAGE] after ReinitAsync step 331
[STAGE] before UpdateBoundary step 332
[DEBUG] before UpdateBoundary
[DEBUG] after UpdateBoundary
[STAGE] after UpdateBoundary step 332
[STAGE] before AddPlumeSourceAsync step 332
[DEBUG] plume params strength=0.08 radius_norm=0.08 swirl=0.02
[DEBUG] plume dims nx/ny/nz/count=64/64/64/262144
[DEBUG] plume radius/cx/cy/cz=5.12/32/9.6/32
[STAGE] after AddPlumeSourceAsync step 332
[STAGE] before AdvanceAsync step 332
[DEBUG] before AdvanceAsync
[DEBUG] after AdvanceAsync
[STAGE] after AdvanceAsync step 332
[STAGE] before ReinitAsync step 332
[DEBUG] before ReinitAsync
[DEBUG] after ReinitAsync
[STAGE] after ReinitAsync step 332
[STAGE] before UpdateBoundary step 333
[DEBUG] before UpdateBoundary
[DEBUG] after UpdateBoundary
[STAGE] after UpdateBoundary step 333
[STAGE] before AddPlumeSourceAsync step 333
[DEBUG] plume params strength=0.08 radius_norm=0.08 swirl=0.02
[DEBUG] plume dims nx/ny/nz/count=64/64/64/262144
[DEBUG] plume radius/cx/cy/cz=5.12/32/9.6/32
[STAGE] after AddPlumeSourceAsync step 333
[STAGE] before AdvanceAsync step 333
[DEBUG] before AdvanceAsync
[DEBUG] after AdvanceAsync
[STAGE] after AdvanceAsync step 333
[STAGE] before ReinitAsync step 333
[DEBUG] before ReinitAsync
[DEBUG] after ReinitAsync
[STAGE] after ReinitAsync step 333
[STAGE] before UpdateBoundary step 334
[DEBUG] before UpdateBoundary
[DEBUG] after UpdateBoundary
[STAGE] after UpdateBoundary step 334
[STAGE] before AddPlumeSourceAsync step 334
[DEBUG] plume params strength=0.08 radius_norm=0.08 swirl=0.02
[DEBUG] plume dims nx/ny/nz/count=64/64/64/262144
[DEBUG] plume radius/cx/cy/cz=5.12/32/9.6/32
[STAGE] after AddPlumeSourceAsync step 334
[STAGE] before AdvanceAsync step 334
[DEBUG] before AdvanceAsync
[DEBUG] after AdvanceAsync
[STAGE] after AdvanceAsync step 334
[STAGE] before ReinitAsync step 334
[DEBUG] before ReinitAsync
[DEBUG] after ReinitAsync
[STAGE] after ReinitAsync step 334
[STAGE] before UpdateBoundary step 335
[DEBUG] before UpdateBoundary
[DEBUG] after UpdateBoundary
[STAGE] after UpdateBoundary step 335
[STAGE] before AddPlumeSourceAsync step 335
[DEBUG] plume params strength=0.08 radius_norm=0.08 swirl=0.02
[DEBUG] plume dims nx/ny/nz/count=64/64/64/262144
[DEBUG] plume radius/cx/cy/cz=5.12/32/9.6/32
[STAGE] after AddPlumeSourceAsync step 335
[STAGE] before AdvanceAsync step 335
[DEBUG] before AdvanceAsync
[DEBUG] after AdvanceAsync
[STAGE] after AdvanceAsync step 335
[STAGE] before ReinitAsync step 335
[DEBUG] before ReinitAsync
[DEBUG] after ReinitAsync
[STAGE] after ReinitAsync step 335
[STAGE] before UpdateBoundary step 336
[DEBUG] before UpdateBoundary
[DEBUG] after UpdateBoundary
[STAGE] after UpdateBoundary step 336
[STAGE] before AddPlumeSourceAsync step 336
[DEBUG] plume params strength=0.08 radius_norm=0.08 swirl=0.02
[DEBUG] plume dims nx/ny/nz/count=64/64/64/262144
[DEBUG] plume radius/cx/cy/cz=5.12/32/9.6/32
[STAGE] after AddPlumeSourceAsync step 336
[STAGE] before AdvanceAsync step 336
[DEBUG] before AdvanceAsync
[DEBUG] after AdvanceAsync
[STAGE] after AdvanceAsync step 336
[STAGE] before ReinitAsync step 336
[DEBUG] before ReinitAsync
[DEBUG] after ReinitAsync
[STAGE] after ReinitAsync step 336
[STAGE] before UpdateBoundary step 337
[DEBUG] before UpdateBoundary
[DEBUG] after UpdateBoundary
[STAGE] after UpdateBoundary step 337
[STAGE] before AddPlumeSourceAsync step 337
[DEBUG] plume params strength=0.08 radius_norm=0.08 swirl=0.02
[DEBUG] plume dims nx/ny/nz/count=64/64/64/262144
[DEBUG] plume radius/cx/cy/cz=5.12/32/9.6/32
[STAGE] after AddPlumeSourceAsync step 337
[STAGE] before AdvanceAsync step 337
[DEBUG] before AdvanceAsync
[DEBUG] after AdvanceAsync
[STAGE] after AdvanceAsync step 337
[STAGE] before ReinitAsync step 337
[DEBUG] before ReinitAsync
[DEBUG] after ReinitAsync
[STAGE] after ReinitAsync step 337
[STAGE] before UpdateBoundary step 338
[DEBUG] before UpdateBoundary
[DEBUG] after UpdateBoundary
[STAGE] after UpdateBoundary step 338
[STAGE] before AddPlumeSourceAsync step 338
[DEBUG] plume params strength=0.08 radius_norm=0.08 swirl=0.02
[DEBUG] plume dims nx/ny/nz/count=64/64/64/262144
[DEBUG] plume radius/cx/cy/cz=5.12/32/9.6/32
[STAGE] after AddPlumeSourceAsync step 338
[STAGE] before AdvanceAsync step 338
[DEBUG] before AdvanceAsync
[DEBUG] after AdvanceAsync
[STAGE] after AdvanceAsync step 338
[STAGE] before ReinitAsync step 338
[DEBUG] before ReinitAsync
[DEBUG] after ReinitAsync
[STAGE] after ReinitAsync step 338
[STAGE] before UpdateBoundary step 339
[DEBUG] before UpdateBoundary
[DEBUG] after UpdateBoundary
[STAGE] after UpdateBoundary step 339
[STAGE] before AddPlumeSourceAsync step 339
[DEBUG] plume params strength=0.08 radius_norm=0.08 swirl=0.02
[DEBUG] plume dims nx/ny/nz/count=64/64/64/262144
[DEBUG] plume radius/cx/cy/cz=5.12/32/9.6/32
[STAGE] after AddPlumeSourceAsync step 339
[STAGE] before AdvanceAsync step 339
[DEBUG] before AdvanceAsync
[DEBUG] after AdvanceAsync
[STAGE] after AdvanceAsync step 339
[STAGE] before ReinitAsync step 339
[DEBUG] before ReinitAsync
[DEBUG] after ReinitAsync
[STAGE] after ReinitAsync step 339
[STAGE] before UpdateBoundary step 340
[DEBUG] before UpdateBoundary
[DEBUG] after UpdateBoundary
[STAGE] after UpdateBoundary step 340
[STAGE] before AddPlumeSourceAsync step 340
[DEBUG] plume params strength=0.08 radius_norm=0.08 swirl=0.02
[DEBUG] plume dims nx/ny/nz/count=64/64/64/262144
[DEBUG] plume radius/cx/cy/cz=5.12/32/9.6/32
[STAGE] after AddPlumeSourceAsync step 340
[STAGE] before AdvanceAsync step 340
[DEBUG] before AdvanceAsync
[DEBUG] after AdvanceAsync
[STAGE] after AdvanceAsync step 340
[STAGE] before ReinitAsync step 340
[DEBUG] before ReinitAsync
[DEBUG] after ReinitAsync
[STAGE] after ReinitAsync step 340
[STAGE] before UpdateBoundary step 341
[DEBUG] before UpdateBoundary
[DEBUG] after UpdateBoundary
[STAGE] after UpdateBoundary step 341
[STAGE] before AddPlumeSourceAsync step 341
[DEBUG] plume params strength=0.08 radius_norm=0.08 swirl=0.02
[DEBUG] plume dims nx/ny/nz/count=64/64/64/262144
[DEBUG] plume radius/cx/cy/cz=5.12/32/9.6/32
[STAGE] after AddPlumeSourceAsync step 341
[STAGE] before AdvanceAsync step 341
[DEBUG] before AdvanceAsync
[DEBUG] after AdvanceAsync
[STAGE] after AdvanceAsync step 341
[STAGE] before ReinitAsync step 341
[DEBUG] before ReinitAsync
[DEBUG] after ReinitAsync
[STAGE] after ReinitAsync step 341
[STAGE] before UpdateBoundary step 342
[DEBUG] before UpdateBoundary
[DEBUG] after UpdateBoundary
[STAGE] after UpdateBoundary step 342
[STAGE] before AddPlumeSourceAsync step 342
[DEBUG] plume params strength=0.08 radius_norm=0.08 swirl=0.02
[DEBUG] plume dims nx/ny/nz/count=64/64/64/262144
[DEBUG] plume radius/cx/cy/cz=5.12/32/9.6/32
[STAGE] after AddPlumeSourceAsync step 342
[STAGE] before AdvanceAsync step 342
[DEBUG] before AdvanceAsync
[DEBUG] after AdvanceAsync
[STAGE] after AdvanceAsync step 342
[STAGE] before ReinitAsync step 342
[DEBUG] before ReinitAsync
[DEBUG] after ReinitAsync
[STAGE] after ReinitAsync step 342
[STAGE] before UpdateBoundary step 343
[DEBUG] before UpdateBoundary
[DEBUG] after UpdateBoundary
[STAGE] after UpdateBoundary step 343
[STAGE] before AddPlumeSourceAsync step 343
[DEBUG] plume params strength=0.08 radius_norm=0.08 swirl=0.02
[DEBUG] plume dims nx/ny/nz/count=64/64/64/262144
[DEBUG] plume radius/cx/cy/cz=5.12/32/9.6/32
[STAGE] after AddPlumeSourceAsync step 343
[STAGE] before AdvanceAsync step 343
[DEBUG] before AdvanceAsync
[DEBUG] after AdvanceAsync
[STAGE] after AdvanceAsync step 343
[STAGE] before ReinitAsync step 343
[DEBUG] before ReinitAsync
[DEBUG] after ReinitAsync
[STAGE] after ReinitAsync step 343
[STAGE] before UpdateBoundary step 344
[DEBUG] before UpdateBoundary
[DEBUG] after UpdateBoundary
[STAGE] after UpdateBoundary step 344
[STAGE] before AddPlumeSourceAsync step 344
[DEBUG] plume params strength=0.08 radius_norm=0.08 swirl=0.02
[DEBUG] plume dims nx/ny/nz/count=64/64/64/262144
[DEBUG] plume radius/cx/cy/cz=5.12/32/9.6/32
[STAGE] after AddPlumeSourceAsync step 344
[STAGE] before AdvanceAsync step 344
[DEBUG] before AdvanceAsync
[DEBUG] after AdvanceAsync
[STAGE] after AdvanceAsync step 344
[STAGE] before ReinitAsync step 344
[DEBUG] before ReinitAsync
[DEBUG] after ReinitAsync
[STAGE] after ReinitAsync step 344
[STAGE] before UpdateBoundary step 345
[DEBUG] before UpdateBoundary
[DEBUG] after UpdateBoundary
[STAGE] after UpdateBoundary step 345
[STAGE] before AddPlumeSourceAsync step 345
[DEBUG] plume params strength=0.08 radius_norm=0.08 swirl=0.02
[DEBUG] plume dims nx/ny/nz/count=64/64/64/262144
[DEBUG] plume radius/cx/cy/cz=5.12/32/9.6/32
[STAGE] after AddPlumeSourceAsync step 345
[STAGE] before AdvanceAsync step 345
[DEBUG] before AdvanceAsync
[DEBUG] after AdvanceAsync
[STAGE] after AdvanceAsync step 345
[STAGE] before ReinitAsync step 345
[DEBUG] before ReinitAsync
[DEBUG] after ReinitAsync
[STAGE] after ReinitAsync step 345
[STAGE] before UpdateBoundary step 346
[DEBUG] before UpdateBoundary
[DEBUG] after UpdateBoundary
[STAGE] after UpdateBoundary step 346
[STAGE] before AddPlumeSourceAsync step 346
[DEBUG] plume params strength=0.08 radius_norm=0.08 swirl=0.02
[DEBUG] plume dims nx/ny/nz/count=64/64/64/262144
[DEBUG] plume radius/cx/cy/cz=5.12/32/9.6/32
[STAGE] after AddPlumeSourceAsync step 346
[STAGE] before AdvanceAsync step 346
[DEBUG] before AdvanceAsync
[DEBUG] after AdvanceAsync
[STAGE] after AdvanceAsync step 346
[STAGE] before ReinitAsync step 346
[DEBUG] before ReinitAsync
[DEBUG] after ReinitAsync
[STAGE] after ReinitAsync step 346
[STAGE] before UpdateBoundary step 347
[DEBUG] before UpdateBoundary
[DEBUG] after UpdateBoundary
[STAGE] after UpdateBoundary step 347
[STAGE] before AddPlumeSourceAsync step 347
[DEBUG] plume params strength=0.08 radius_norm=0.08 swirl=0.02
[DEBUG] plume dims nx/ny/nz/count=64/64/64/262144
[DEBUG] plume radius/cx/cy/cz=5.12/32/9.6/32
[STAGE] after AddPlumeSourceAsync step 347
[STAGE] before AdvanceAsync step 347
[DEBUG] before AdvanceAsync
[DEBUG] after AdvanceAsync
[STAGE] after AdvanceAsync step 347
[STAGE] before ReinitAsync step 347
[DEBUG] before ReinitAsync
[DEBUG] after ReinitAsync
[STAGE] after ReinitAsync step 347
[STAGE] before UpdateBoundary step 348
[DEBUG] before UpdateBoundary
[DEBUG] after UpdateBoundary
[STAGE] after UpdateBoundary step 348
[STAGE] before AddPlumeSourceAsync step 348
[DEBUG] plume params strength=0.08 radius_norm=0.08 swirl=0.02
[DEBUG] plume dims nx/ny/nz/count=64/64/64/262144
[DEBUG] plume radius/cx/cy/cz=5.12/32/9.6/32
[STAGE] after AddPlumeSourceAsync step 348
[STAGE] before AdvanceAsync step 348
[DEBUG] before AdvanceAsync
[DEBUG] after AdvanceAsync
[STAGE] after AdvanceAsync step 348
[STAGE] before ReinitAsync step 348
[DEBUG] before ReinitAsync
[DEBUG] after ReinitAsync
[STAGE] after ReinitAsync step 348
[STAGE] before UpdateBoundary step 349
[DEBUG] before UpdateBoundary
[DEBUG] after UpdateBoundary
[STAGE] after UpdateBoundary step 349
[STAGE] before AddPlumeSourceAsync step 349
[DEBUG] plume params strength=0.08 radius_norm=0.08 swirl=0.02
[DEBUG] plume dims nx/ny/nz/count=64/64/64/262144
[DEBUG] plume radius/cx/cy/cz=5.12/32/9.6/32
[STAGE] after AddPlumeSourceAsync step 349
[STAGE] before AdvanceAsync step 349
[DEBUG] before AdvanceAsync
[DEBUG] after AdvanceAsync
[STAGE] after AdvanceAsync step 349
[STAGE] before ReinitAsync step 349
[DEBUG] before ReinitAsync
[DEBUG] after ReinitAsync
[STAGE] after ReinitAsync step 349
[STAGE] before UpdateBoundary step 350
[DEBUG] before UpdateBoundary
[DEBUG] after UpdateBoundary
[STAGE] after UpdateBoundary step 350
[STAGE] before AddPlumeSourceAsync step 350
[DEBUG] plume params strength=0.08 radius_norm=0.08 swirl=0.02
[DEBUG] plume dims nx/ny/nz/count=64/64/64/262144
[DEBUG] plume radius/cx/cy/cz=5.12/32/9.6/32
[STAGE] after AddPlumeSourceAsync step 350
[STAGE] before AdvanceAsync step 350
[DEBUG] before AdvanceAsync
[DEBUG] after AdvanceAsync
[STAGE] after AdvanceAsync step 350
[STAGE] before ReinitAsync step 350
[DEBUG] before ReinitAsync
[DEBUG] after ReinitAsync
[STAGE] after ReinitAsync step 350
[OFM Headless] Step 351 / 400
[STAGE] before UpdateBoundary step 351
[DEBUG] before UpdateBoundary
[DEBUG] after UpdateBoundary
[STAGE] after UpdateBoundary step 351
[STAGE] before AddPlumeSourceAsync step 351
[DEBUG] plume params strength=0.08 radius_norm=0.08 swirl=0.02
[DEBUG] plume dims nx/ny/nz/count=64/64/64/262144
[DEBUG] plume radius/cx/cy/cz=5.12/32/9.6/32
[STAGE] after AddPlumeSourceAsync step 351
[STAGE] before AdvanceAsync step 351
[DEBUG] before AdvanceAsync
[DEBUG] after AdvanceAsync
[STAGE] after AdvanceAsync step 351
[STAGE] before ReinitAsync step 351
[DEBUG] before ReinitAsync
[DEBUG] after ReinitAsync
[STAGE] after ReinitAsync step 351
[STAGE] before UpdateBoundary step 352
[DEBUG] before UpdateBoundary
[DEBUG] after UpdateBoundary
[STAGE] after UpdateBoundary step 352
[STAGE] before AddPlumeSourceAsync step 352
[DEBUG] plume params strength=0.08 radius_norm=0.08 swirl=0.02
[DEBUG] plume dims nx/ny/nz/count=64/64/64/262144
[DEBUG] plume radius/cx/cy/cz=5.12/32/9.6/32
[STAGE] after AddPlumeSourceAsync step 352
[STAGE] before AdvanceAsync step 352
[DEBUG] before AdvanceAsync
[DEBUG] after AdvanceAsync
[STAGE] after AdvanceAsync step 352
[STAGE] before ReinitAsync step 352
[DEBUG] before ReinitAsync
[DEBUG] after ReinitAsync
[STAGE] after ReinitAsync step 352
[STAGE] before UpdateBoundary step 353
[DEBUG] before UpdateBoundary
[DEBUG] after UpdateBoundary
[STAGE] after UpdateBoundary step 353
[STAGE] before AddPlumeSourceAsync step 353
[DEBUG] plume params strength=0.08 radius_norm=0.08 swirl=0.02
[DEBUG] plume dims nx/ny/nz/count=64/64/64/262144
[DEBUG] plume radius/cx/cy/cz=5.12/32/9.6/32
[STAGE] after AddPlumeSourceAsync step 353
[STAGE] before AdvanceAsync step 353
[DEBUG] before AdvanceAsync
[DEBUG] after AdvanceAsync
[STAGE] after AdvanceAsync step 353
[STAGE] before ReinitAsync step 353
[DEBUG] before ReinitAsync
[DEBUG] after ReinitAsync
[STAGE] after ReinitAsync step 353
[STAGE] before UpdateBoundary step 354
[DEBUG] before UpdateBoundary
[DEBUG] after UpdateBoundary
[STAGE] after UpdateBoundary step 354
[STAGE] before AddPlumeSourceAsync step 354
[DEBUG] plume params strength=0.08 radius_norm=0.08 swirl=0.02
[DEBUG] plume dims nx/ny/nz/count=64/64/64/262144
[DEBUG] plume radius/cx/cy/cz=5.12/32/9.6/32
[STAGE] after AddPlumeSourceAsync step 354
[STAGE] before AdvanceAsync step 354
[DEBUG] before AdvanceAsync
[DEBUG] after AdvanceAsync
[STAGE] after AdvanceAsync step 354
[STAGE] before ReinitAsync step 354
[DEBUG] before ReinitAsync
[DEBUG] after ReinitAsync
[STAGE] after ReinitAsync step 354
[STAGE] before UpdateBoundary step 355
[DEBUG] before UpdateBoundary
[DEBUG] after UpdateBoundary
[STAGE] after UpdateBoundary step 355
[STAGE] before AddPlumeSourceAsync step 355
[DEBUG] plume params strength=0.08 radius_norm=0.08 swirl=0.02
[DEBUG] plume dims nx/ny/nz/count=64/64/64/262144
[DEBUG] plume radius/cx/cy/cz=5.12/32/9.6/32
[STAGE] after AddPlumeSourceAsync step 355
[STAGE] before AdvanceAsync step 355
[DEBUG] before AdvanceAsync
[DEBUG] after AdvanceAsync
[STAGE] after AdvanceAsync step 355
[STAGE] before ReinitAsync step 355
[DEBUG] before ReinitAsync
[DEBUG] after ReinitAsync
[STAGE] after ReinitAsync step 355
[STAGE] before UpdateBoundary step 356
[DEBUG] before UpdateBoundary
[DEBUG] after UpdateBoundary
[STAGE] after UpdateBoundary step 356
[STAGE] before AddPlumeSourceAsync step 356
[DEBUG] plume params strength=0.08 radius_norm=0.08 swirl=0.02
[DEBUG] plume dims nx/ny/nz/count=64/64/64/262144
[DEBUG] plume radius/cx/cy/cz=5.12/32/9.6/32
[STAGE] after AddPlumeSourceAsync step 356
[STAGE] before AdvanceAsync step 356
[DEBUG] before AdvanceAsync
[DEBUG] after AdvanceAsync
[STAGE] after AdvanceAsync step 356
[STAGE] before ReinitAsync step 356
[DEBUG] before ReinitAsync
[DEBUG] after ReinitAsync
[STAGE] after ReinitAsync step 356
[STAGE] before UpdateBoundary step 357
[DEBUG] before UpdateBoundary
[DEBUG] after UpdateBoundary
[STAGE] after UpdateBoundary step 357
[STAGE] before AddPlumeSourceAsync step 357
[DEBUG] plume params strength=0.08 radius_norm=0.08 swirl=0.02
[DEBUG] plume dims nx/ny/nz/count=64/64/64/262144
[DEBUG] plume radius/cx/cy/cz=5.12/32/9.6/32
[STAGE] after AddPlumeSourceAsync step 357
[STAGE] before AdvanceAsync step 357
[DEBUG] before AdvanceAsync
[DEBUG] after AdvanceAsync
[STAGE] after AdvanceAsync step 357
[STAGE] before ReinitAsync step 357
[DEBUG] before ReinitAsync
[DEBUG] after ReinitAsync
[STAGE] after ReinitAsync step 357
[STAGE] before UpdateBoundary step 358
[DEBUG] before UpdateBoundary
[DEBUG] after UpdateBoundary
[STAGE] after UpdateBoundary step 358
[STAGE] before AddPlumeSourceAsync step 358
[DEBUG] plume params strength=0.08 radius_norm=0.08 swirl=0.02
[DEBUG] plume dims nx/ny/nz/count=64/64/64/262144
[DEBUG] plume radius/cx/cy/cz=5.12/32/9.6/32
[STAGE] after AddPlumeSourceAsync step 358
[STAGE] before AdvanceAsync step 358
[DEBUG] before AdvanceAsync
[DEBUG] after AdvanceAsync
[STAGE] after AdvanceAsync step 358
[STAGE] before ReinitAsync step 358
[DEBUG] before ReinitAsync
[DEBUG] after ReinitAsync
[STAGE] after ReinitAsync step 358
[STAGE] before UpdateBoundary step 359
[DEBUG] before UpdateBoundary
[DEBUG] after UpdateBoundary
[STAGE] after UpdateBoundary step 359
[STAGE] before AddPlumeSourceAsync step 359
[DEBUG] plume params strength=0.08 radius_norm=0.08 swirl=0.02
[DEBUG] plume dims nx/ny/nz/count=64/64/64/262144
[DEBUG] plume radius/cx/cy/cz=5.12/32/9.6/32
[STAGE] after AddPlumeSourceAsync step 359
[STAGE] before AdvanceAsync step 359
[DEBUG] before AdvanceAsync
[DEBUG] after AdvanceAsync
[STAGE] after AdvanceAsync step 359
[STAGE] before ReinitAsync step 359
[DEBUG] before ReinitAsync
[DEBUG] after ReinitAsync
[STAGE] after ReinitAsync step 359
[STAGE] before UpdateBoundary step 360
[DEBUG] before UpdateBoundary
[DEBUG] after UpdateBoundary
[STAGE] after UpdateBoundary step 360
[STAGE] before AddPlumeSourceAsync step 360
[DEBUG] plume params strength=0.08 radius_norm=0.08 swirl=0.02
[DEBUG] plume dims nx/ny/nz/count=64/64/64/262144
[DEBUG] plume radius/cx/cy/cz=5.12/32/9.6/32
[STAGE] after AddPlumeSourceAsync step 360
[STAGE] before AdvanceAsync step 360
[DEBUG] before AdvanceAsync
[DEBUG] after AdvanceAsync
[STAGE] after AdvanceAsync step 360
[STAGE] before ReinitAsync step 360
[DEBUG] before ReinitAsync
[DEBUG] after ReinitAsync
[STAGE] after ReinitAsync step 360
[STAGE] before save frame 360
[DEBUG] before cudaStreamSynchronize
[STAGE] before save cudaStreamSynchronize frame 360
[DEBUG] after cudaStreamSynchronize
[STAGE] after save cudaStreamSynchronize frame 360
[DEBUG] save frame=360 path=/gscratch/amath/diwenxu/fire_pfm/ofm_dynamic/proj/dynamic_obstacle_headless/outputs/plume/res64/ps0.08_pr0.08_sw0.02_20260502_082604/vorticity/frame_000360.npy shape=(64,64,64) count=262144 estimated_mb=1
[OFM Headless] Saved vorticity to /gscratch/amath/diwenxu/fire_pfm/ofm_dynamic/proj/dynamic_obstacle_headless/outputs/plume/res64/ps0.08_pr0.08_sw0.02_20260502_082604/vorticity/frame_000360.npy
[STAGE] after save frame 360
[STAGE] before UpdateBoundary step 361
[DEBUG] before UpdateBoundary
[DEBUG] after UpdateBoundary
[STAGE] after UpdateBoundary step 361
[STAGE] before AddPlumeSourceAsync step 361
[DEBUG] plume params strength=0.08 radius_norm=0.08 swirl=0.02
[DEBUG] plume dims nx/ny/nz/count=64/64/64/262144
[DEBUG] plume radius/cx/cy/cz=5.12/32/9.6/32
[STAGE] after AddPlumeSourceAsync step 361
[STAGE] before AdvanceAsync step 361
[DEBUG] before AdvanceAsync
[DEBUG] after AdvanceAsync
[STAGE] after AdvanceAsync step 361
[STAGE] before ReinitAsync step 361
[DEBUG] before ReinitAsync
[DEBUG] after ReinitAsync
[STAGE] after ReinitAsync step 361
[STAGE] before UpdateBoundary step 362
[DEBUG] before UpdateBoundary
[DEBUG] after UpdateBoundary
[STAGE] after UpdateBoundary step 362
[STAGE] before AddPlumeSourceAsync step 362
[DEBUG] plume params strength=0.08 radius_norm=0.08 swirl=0.02
[DEBUG] plume dims nx/ny/nz/count=64/64/64/262144
[DEBUG] plume radius/cx/cy/cz=5.12/32/9.6/32
[STAGE] after AddPlumeSourceAsync step 362
[STAGE] before AdvanceAsync step 362
[DEBUG] before AdvanceAsync
[DEBUG] after AdvanceAsync
[STAGE] after AdvanceAsync step 362
[STAGE] before ReinitAsync step 362
[DEBUG] before ReinitAsync
[DEBUG] after ReinitAsync
[STAGE] after ReinitAsync step 362
[STAGE] before UpdateBoundary step 363
[DEBUG] before UpdateBoundary
[DEBUG] after UpdateBoundary
[STAGE] after UpdateBoundary step 363
[STAGE] before AddPlumeSourceAsync step 363
[DEBUG] plume params strength=0.08 radius_norm=0.08 swirl=0.02
[DEBUG] plume dims nx/ny/nz/count=64/64/64/262144
[DEBUG] plume radius/cx/cy/cz=5.12/32/9.6/32
[STAGE] after AddPlumeSourceAsync step 363
[STAGE] before AdvanceAsync step 363
[DEBUG] before AdvanceAsync
[DEBUG] after AdvanceAsync
[STAGE] after AdvanceAsync step 363
[STAGE] before ReinitAsync step 363
[DEBUG] before ReinitAsync
[DEBUG] after ReinitAsync
[STAGE] after ReinitAsync step 363
[STAGE] before UpdateBoundary step 364
[DEBUG] before UpdateBoundary
[DEBUG] after UpdateBoundary
[STAGE] after UpdateBoundary step 364
[STAGE] before AddPlumeSourceAsync step 364
[DEBUG] plume params strength=0.08 radius_norm=0.08 swirl=0.02
[DEBUG] plume dims nx/ny/nz/count=64/64/64/262144
[DEBUG] plume radius/cx/cy/cz=5.12/32/9.6/32
[STAGE] after AddPlumeSourceAsync step 364
[STAGE] before AdvanceAsync step 364
[DEBUG] before AdvanceAsync
[DEBUG] after AdvanceAsync
[STAGE] after AdvanceAsync step 364
[STAGE] before ReinitAsync step 364
[DEBUG] before ReinitAsync
[DEBUG] after ReinitAsync
[STAGE] after ReinitAsync step 364
[STAGE] before UpdateBoundary step 365
[DEBUG] before UpdateBoundary
[DEBUG] after UpdateBoundary
[STAGE] after UpdateBoundary step 365
[STAGE] before AddPlumeSourceAsync step 365
[DEBUG] plume params strength=0.08 radius_norm=0.08 swirl=0.02
[DEBUG] plume dims nx/ny/nz/count=64/64/64/262144
[DEBUG] plume radius/cx/cy/cz=5.12/32/9.6/32
[STAGE] after AddPlumeSourceAsync step 365
[STAGE] before AdvanceAsync step 365
[DEBUG] before AdvanceAsync
[DEBUG] after AdvanceAsync
[STAGE] after AdvanceAsync step 365
[STAGE] before ReinitAsync step 365
[DEBUG] before ReinitAsync
[DEBUG] after ReinitAsync
[STAGE] after ReinitAsync step 365
[STAGE] before UpdateBoundary step 366
[DEBUG] before UpdateBoundary
[DEBUG] after UpdateBoundary
[STAGE] after UpdateBoundary step 366
[STAGE] before AddPlumeSourceAsync step 366
[DEBUG] plume params strength=0.08 radius_norm=0.08 swirl=0.02
[DEBUG] plume dims nx/ny/nz/count=64/64/64/262144
[DEBUG] plume radius/cx/cy/cz=5.12/32/9.6/32
[STAGE] after AddPlumeSourceAsync step 366
[STAGE] before AdvanceAsync step 366
[DEBUG] before AdvanceAsync
[DEBUG] after AdvanceAsync
[STAGE] after AdvanceAsync step 366
[STAGE] before ReinitAsync step 366
[DEBUG] before ReinitAsync
[DEBUG] after ReinitAsync
[STAGE] after ReinitAsync step 366
[STAGE] before UpdateBoundary step 367
[DEBUG] before UpdateBoundary
[DEBUG] after UpdateBoundary
[STAGE] after UpdateBoundary step 367
[STAGE] before AddPlumeSourceAsync step 367
[DEBUG] plume params strength=0.08 radius_norm=0.08 swirl=0.02
[DEBUG] plume dims nx/ny/nz/count=64/64/64/262144
[DEBUG] plume radius/cx/cy/cz=5.12/32/9.6/32
[STAGE] after AddPlumeSourceAsync step 367
[STAGE] before AdvanceAsync step 367
[DEBUG] before AdvanceAsync
[DEBUG] after AdvanceAsync
[STAGE] after AdvanceAsync step 367
[STAGE] before ReinitAsync step 367
[DEBUG] before ReinitAsync
[DEBUG] after ReinitAsync
[STAGE] after ReinitAsync step 367
[STAGE] before UpdateBoundary step 368
[DEBUG] before UpdateBoundary
[DEBUG] after UpdateBoundary
[STAGE] after UpdateBoundary step 368
[STAGE] before AddPlumeSourceAsync step 368
[DEBUG] plume params strength=0.08 radius_norm=0.08 swirl=0.02
[DEBUG] plume dims nx/ny/nz/count=64/64/64/262144
[DEBUG] plume radius/cx/cy/cz=5.12/32/9.6/32
[STAGE] after AddPlumeSourceAsync step 368
[STAGE] before AdvanceAsync step 368
[DEBUG] before AdvanceAsync
[DEBUG] after AdvanceAsync
[STAGE] after AdvanceAsync step 368
[STAGE] before ReinitAsync step 368
[DEBUG] before ReinitAsync
[DEBUG] after ReinitAsync
[STAGE] after ReinitAsync step 368
[STAGE] before UpdateBoundary step 369
[DEBUG] before UpdateBoundary
[DEBUG] after UpdateBoundary
[STAGE] after UpdateBoundary step 369
[STAGE] before AddPlumeSourceAsync step 369
[DEBUG] plume params strength=0.08 radius_norm=0.08 swirl=0.02
[DEBUG] plume dims nx/ny/nz/count=64/64/64/262144
[DEBUG] plume radius/cx/cy/cz=5.12/32/9.6/32
[STAGE] after AddPlumeSourceAsync step 369
[STAGE] before AdvanceAsync step 369
[DEBUG] before AdvanceAsync
[DEBUG] after AdvanceAsync
[STAGE] after AdvanceAsync step 369
[STAGE] before ReinitAsync step 369
[DEBUG] before ReinitAsync
[DEBUG] after ReinitAsync
[STAGE] after ReinitAsync step 369
[STAGE] before UpdateBoundary step 370
[DEBUG] before UpdateBoundary
[DEBUG] after UpdateBoundary
[STAGE] after UpdateBoundary step 370
[STAGE] before AddPlumeSourceAsync step 370
[DEBUG] plume params strength=0.08 radius_norm=0.08 swirl=0.02
[DEBUG] plume dims nx/ny/nz/count=64/64/64/262144
[DEBUG] plume radius/cx/cy/cz=5.12/32/9.6/32
[STAGE] after AddPlumeSourceAsync step 370
[STAGE] before AdvanceAsync step 370
[DEBUG] before AdvanceAsync
[DEBUG] after AdvanceAsync
[STAGE] after AdvanceAsync step 370
[STAGE] before ReinitAsync step 370
[DEBUG] before ReinitAsync
[DEBUG] after ReinitAsync
[STAGE] after ReinitAsync step 370
[STAGE] before UpdateBoundary step 371
[DEBUG] before UpdateBoundary
[DEBUG] after UpdateBoundary
[STAGE] after UpdateBoundary step 371
[STAGE] before AddPlumeSourceAsync step 371
[DEBUG] plume params strength=0.08 radius_norm=0.08 swirl=0.02
[DEBUG] plume dims nx/ny/nz/count=64/64/64/262144
[DEBUG] plume radius/cx/cy/cz=5.12/32/9.6/32
[STAGE] after AddPlumeSourceAsync step 371
[STAGE] before AdvanceAsync step 371
[DEBUG] before AdvanceAsync
[DEBUG] after AdvanceAsync
[STAGE] after AdvanceAsync step 371
[STAGE] before ReinitAsync step 371
[DEBUG] before ReinitAsync
[DEBUG] after ReinitAsync
[STAGE] after ReinitAsync step 371
[STAGE] before UpdateBoundary step 372
[DEBUG] before UpdateBoundary
[DEBUG] after UpdateBoundary
[STAGE] after UpdateBoundary step 372
[STAGE] before AddPlumeSourceAsync step 372
[DEBUG] plume params strength=0.08 radius_norm=0.08 swirl=0.02
[DEBUG] plume dims nx/ny/nz/count=64/64/64/262144
[DEBUG] plume radius/cx/cy/cz=5.12/32/9.6/32
[STAGE] after AddPlumeSourceAsync step 372
[STAGE] before AdvanceAsync step 372
[DEBUG] before AdvanceAsync
[DEBUG] after AdvanceAsync
[STAGE] after AdvanceAsync step 372
[STAGE] before ReinitAsync step 372
[DEBUG] before ReinitAsync
[DEBUG] after ReinitAsync
[STAGE] after ReinitAsync step 372
[STAGE] before UpdateBoundary step 373
[DEBUG] before UpdateBoundary
[DEBUG] after UpdateBoundary
[STAGE] after UpdateBoundary step 373
[STAGE] before AddPlumeSourceAsync step 373
[DEBUG] plume params strength=0.08 radius_norm=0.08 swirl=0.02
[DEBUG] plume dims nx/ny/nz/count=64/64/64/262144
[DEBUG] plume radius/cx/cy/cz=5.12/32/9.6/32
[STAGE] after AddPlumeSourceAsync step 373
[STAGE] before AdvanceAsync step 373
[DEBUG] before AdvanceAsync
[DEBUG] after AdvanceAsync
[STAGE] after AdvanceAsync step 373
[STAGE] before ReinitAsync step 373
[DEBUG] before ReinitAsync
[DEBUG] after ReinitAsync
[STAGE] after ReinitAsync step 373
[STAGE] before UpdateBoundary step 374
[DEBUG] before UpdateBoundary
[DEBUG] after UpdateBoundary
[STAGE] after UpdateBoundary step 374
[STAGE] before AddPlumeSourceAsync step 374
[DEBUG] plume params strength=0.08 radius_norm=0.08 swirl=0.02
[DEBUG] plume dims nx/ny/nz/count=64/64/64/262144
[DEBUG] plume radius/cx/cy/cz=5.12/32/9.6/32
[STAGE] after AddPlumeSourceAsync step 374
[STAGE] before AdvanceAsync step 374
[DEBUG] before AdvanceAsync
[DEBUG] after AdvanceAsync
[STAGE] after AdvanceAsync step 374
[STAGE] before ReinitAsync step 374
[DEBUG] before ReinitAsync
[DEBUG] after ReinitAsync
[STAGE] after ReinitAsync step 374
[STAGE] before UpdateBoundary step 375
[DEBUG] before UpdateBoundary
[DEBUG] after UpdateBoundary
[STAGE] after UpdateBoundary step 375
[STAGE] before AddPlumeSourceAsync step 375
[DEBUG] plume params strength=0.08 radius_norm=0.08 swirl=0.02
[DEBUG] plume dims nx/ny/nz/count=64/64/64/262144
[DEBUG] plume radius/cx/cy/cz=5.12/32/9.6/32
[STAGE] after AddPlumeSourceAsync step 375
[STAGE] before AdvanceAsync step 375
[DEBUG] before AdvanceAsync
[DEBUG] after AdvanceAsync
[STAGE] after AdvanceAsync step 375
[STAGE] before ReinitAsync step 375
[DEBUG] before ReinitAsync
[DEBUG] after ReinitAsync
[STAGE] after ReinitAsync step 375
[STAGE] before UpdateBoundary step 376
[DEBUG] before UpdateBoundary
[DEBUG] after UpdateBoundary
[STAGE] after UpdateBoundary step 376
[STAGE] before AddPlumeSourceAsync step 376
[DEBUG] plume params strength=0.08 radius_norm=0.08 swirl=0.02
[DEBUG] plume dims nx/ny/nz/count=64/64/64/262144
[DEBUG] plume radius/cx/cy/cz=5.12/32/9.6/32
[STAGE] after AddPlumeSourceAsync step 376
[STAGE] before AdvanceAsync step 376
[DEBUG] before AdvanceAsync
[DEBUG] after AdvanceAsync
[STAGE] after AdvanceAsync step 376
[STAGE] before ReinitAsync step 376
[DEBUG] before ReinitAsync
[DEBUG] after ReinitAsync
[STAGE] after ReinitAsync step 376
[STAGE] before UpdateBoundary step 377
[DEBUG] before UpdateBoundary
[DEBUG] after UpdateBoundary
[STAGE] after UpdateBoundary step 377
[STAGE] before AddPlumeSourceAsync step 377
[DEBUG] plume params strength=0.08 radius_norm=0.08 swirl=0.02
[DEBUG] plume dims nx/ny/nz/count=64/64/64/262144
[DEBUG] plume radius/cx/cy/cz=5.12/32/9.6/32
[STAGE] after AddPlumeSourceAsync step 377
[STAGE] before AdvanceAsync step 377
[DEBUG] before AdvanceAsync
[DEBUG] after AdvanceAsync
[STAGE] after AdvanceAsync step 377
[STAGE] before ReinitAsync step 377
[DEBUG] before ReinitAsync
[DEBUG] after ReinitAsync
[STAGE] after ReinitAsync step 377
[STAGE] before UpdateBoundary step 378
[DEBUG] before UpdateBoundary
[DEBUG] after UpdateBoundary
[STAGE] after UpdateBoundary step 378
[STAGE] before AddPlumeSourceAsync step 378
[DEBUG] plume params strength=0.08 radius_norm=0.08 swirl=0.02
[DEBUG] plume dims nx/ny/nz/count=64/64/64/262144
[DEBUG] plume radius/cx/cy/cz=5.12/32/9.6/32
[STAGE] after AddPlumeSourceAsync step 378
[STAGE] before AdvanceAsync step 378
[DEBUG] before AdvanceAsync
[DEBUG] after AdvanceAsync
[STAGE] after AdvanceAsync step 378
[STAGE] before ReinitAsync step 378
[DEBUG] before ReinitAsync
[DEBUG] after ReinitAsync
[STAGE] after ReinitAsync step 378
[STAGE] before UpdateBoundary step 379
[DEBUG] before UpdateBoundary
[DEBUG] after UpdateBoundary
[STAGE] after UpdateBoundary step 379
[STAGE] before AddPlumeSourceAsync step 379
[DEBUG] plume params strength=0.08 radius_norm=0.08 swirl=0.02
[DEBUG] plume dims nx/ny/nz/count=64/64/64/262144
[DEBUG] plume radius/cx/cy/cz=5.12/32/9.6/32
[STAGE] after AddPlumeSourceAsync step 379
[STAGE] before AdvanceAsync step 379
[DEBUG] before AdvanceAsync
[DEBUG] after AdvanceAsync
[STAGE] after AdvanceAsync step 379
[STAGE] before ReinitAsync step 379
[DEBUG] before ReinitAsync
[DEBUG] after ReinitAsync
[STAGE] after ReinitAsync step 379
[STAGE] before UpdateBoundary step 380
[DEBUG] before UpdateBoundary
[DEBUG] after UpdateBoundary
[STAGE] after UpdateBoundary step 380
[STAGE] before AddPlumeSourceAsync step 380
[DEBUG] plume params strength=0.08 radius_norm=0.08 swirl=0.02
[DEBUG] plume dims nx/ny/nz/count=64/64/64/262144
[DEBUG] plume radius/cx/cy/cz=5.12/32/9.6/32
[STAGE] after AddPlumeSourceAsync step 380
[STAGE] before AdvanceAsync step 380
[DEBUG] before AdvanceAsync
[DEBUG] after AdvanceAsync
[STAGE] after AdvanceAsync step 380
[STAGE] before ReinitAsync step 380
[DEBUG] before ReinitAsync
[DEBUG] after ReinitAsync
[STAGE] after ReinitAsync step 380
[STAGE] before UpdateBoundary step 381
[DEBUG] before UpdateBoundary
[DEBUG] after UpdateBoundary
[STAGE] after UpdateBoundary step 381
[STAGE] before AddPlumeSourceAsync step 381
[DEBUG] plume params strength=0.08 radius_norm=0.08 swirl=0.02
[DEBUG] plume dims nx/ny/nz/count=64/64/64/262144
[DEBUG] plume radius/cx/cy/cz=5.12/32/9.6/32
[STAGE] after AddPlumeSourceAsync step 381
[STAGE] before AdvanceAsync step 381
[DEBUG] before AdvanceAsync
[DEBUG] after AdvanceAsync
[STAGE] after AdvanceAsync step 381
[STAGE] before ReinitAsync step 381
[DEBUG] before ReinitAsync
[DEBUG] after ReinitAsync
[STAGE] after ReinitAsync step 381
[STAGE] before UpdateBoundary step 382
[DEBUG] before UpdateBoundary
[DEBUG] after UpdateBoundary
[STAGE] after UpdateBoundary step 382
[STAGE] before AddPlumeSourceAsync step 382
[DEBUG] plume params strength=0.08 radius_norm=0.08 swirl=0.02
[DEBUG] plume dims nx/ny/nz/count=64/64/64/262144
[DEBUG] plume radius/cx/cy/cz=5.12/32/9.6/32
[STAGE] after AddPlumeSourceAsync step 382
[STAGE] before AdvanceAsync step 382
[DEBUG] before AdvanceAsync
[DEBUG] after AdvanceAsync
[STAGE] after AdvanceAsync step 382
[STAGE] before ReinitAsync step 382
[DEBUG] before ReinitAsync
[DEBUG] after ReinitAsync
[STAGE] after ReinitAsync step 382
[STAGE] before UpdateBoundary step 383
[DEBUG] before UpdateBoundary
[DEBUG] after UpdateBoundary
[STAGE] after UpdateBoundary step 383
[STAGE] before AddPlumeSourceAsync step 383
[DEBUG] plume params strength=0.08 radius_norm=0.08 swirl=0.02
[DEBUG] plume dims nx/ny/nz/count=64/64/64/262144
[DEBUG] plume radius/cx/cy/cz=5.12/32/9.6/32
[STAGE] after AddPlumeSourceAsync step 383
[STAGE] before AdvanceAsync step 383
[DEBUG] before AdvanceAsync
[DEBUG] after AdvanceAsync
[STAGE] after AdvanceAsync step 383
[STAGE] before ReinitAsync step 383
[DEBUG] before ReinitAsync
[DEBUG] after ReinitAsync
[STAGE] after ReinitAsync step 383
[STAGE] before UpdateBoundary step 384
[DEBUG] before UpdateBoundary
[DEBUG] after UpdateBoundary
[STAGE] after UpdateBoundary step 384
[STAGE] before AddPlumeSourceAsync step 384
[DEBUG] plume params strength=0.08 radius_norm=0.08 swirl=0.02
[DEBUG] plume dims nx/ny/nz/count=64/64/64/262144
[DEBUG] plume radius/cx/cy/cz=5.12/32/9.6/32
[STAGE] after AddPlumeSourceAsync step 384
[STAGE] before AdvanceAsync step 384
[DEBUG] before AdvanceAsync
[DEBUG] after AdvanceAsync
[STAGE] after AdvanceAsync step 384
[STAGE] before ReinitAsync step 384
[DEBUG] before ReinitAsync
[DEBUG] after ReinitAsync
[STAGE] after ReinitAsync step 384
[STAGE] before UpdateBoundary step 385
[DEBUG] before UpdateBoundary
[DEBUG] after UpdateBoundary
[STAGE] after UpdateBoundary step 385
[STAGE] before AddPlumeSourceAsync step 385
[DEBUG] plume params strength=0.08 radius_norm=0.08 swirl=0.02
[DEBUG] plume dims nx/ny/nz/count=64/64/64/262144
[DEBUG] plume radius/cx/cy/cz=5.12/32/9.6/32
[STAGE] after AddPlumeSourceAsync step 385
[STAGE] before AdvanceAsync step 385
[DEBUG] before AdvanceAsync
[DEBUG] after AdvanceAsync
[STAGE] after AdvanceAsync step 385
[STAGE] before ReinitAsync step 385
[DEBUG] before ReinitAsync
[DEBUG] after ReinitAsync
[STAGE] after ReinitAsync step 385
[STAGE] before UpdateBoundary step 386
[DEBUG] before UpdateBoundary
[DEBUG] after UpdateBoundary
[STAGE] after UpdateBoundary step 386
[STAGE] before AddPlumeSourceAsync step 386
[DEBUG] plume params strength=0.08 radius_norm=0.08 swirl=0.02
[DEBUG] plume dims nx/ny/nz/count=64/64/64/262144
[DEBUG] plume radius/cx/cy/cz=5.12/32/9.6/32
[STAGE] after AddPlumeSourceAsync step 386
[STAGE] before AdvanceAsync step 386
[DEBUG] before AdvanceAsync
[DEBUG] after AdvanceAsync
[STAGE] after AdvanceAsync step 386
[STAGE] before ReinitAsync step 386
[DEBUG] before ReinitAsync
[DEBUG] after ReinitAsync
[STAGE] after ReinitAsync step 386
[STAGE] before UpdateBoundary step 387
[DEBUG] before UpdateBoundary
[DEBUG] after UpdateBoundary
[STAGE] after UpdateBoundary step 387
[STAGE] before AddPlumeSourceAsync step 387
[DEBUG] plume params strength=0.08 radius_norm=0.08 swirl=0.02
[DEBUG] plume dims nx/ny/nz/count=64/64/64/262144
[DEBUG] plume radius/cx/cy/cz=5.12/32/9.6/32
[STAGE] after AddPlumeSourceAsync step 387
[STAGE] before AdvanceAsync step 387
[DEBUG] before AdvanceAsync
[DEBUG] after AdvanceAsync
[STAGE] after AdvanceAsync step 387
[STAGE] before ReinitAsync step 387
[DEBUG] before ReinitAsync
[DEBUG] after ReinitAsync
[STAGE] after ReinitAsync step 387
[STAGE] before UpdateBoundary step 388
[DEBUG] before UpdateBoundary
[DEBUG] after UpdateBoundary
[STAGE] after UpdateBoundary step 388
[STAGE] before AddPlumeSourceAsync step 388
[DEBUG] plume params strength=0.08 radius_norm=0.08 swirl=0.02
[DEBUG] plume dims nx/ny/nz/count=64/64/64/262144
[DEBUG] plume radius/cx/cy/cz=5.12/32/9.6/32
[STAGE] after AddPlumeSourceAsync step 388
[STAGE] before AdvanceAsync step 388
[DEBUG] before AdvanceAsync
[DEBUG] after AdvanceAsync
[STAGE] after AdvanceAsync step 388
[STAGE] before ReinitAsync step 388
[DEBUG] before ReinitAsync
[DEBUG] after ReinitAsync
[STAGE] after ReinitAsync step 388
[STAGE] before UpdateBoundary step 389
[DEBUG] before UpdateBoundary
[DEBUG] after UpdateBoundary
[STAGE] after UpdateBoundary step 389
[STAGE] before AddPlumeSourceAsync step 389
[DEBUG] plume params strength=0.08 radius_norm=0.08 swirl=0.02
[DEBUG] plume dims nx/ny/nz/count=64/64/64/262144
[DEBUG] plume radius/cx/cy/cz=5.12/32/9.6/32
[STAGE] after AddPlumeSourceAsync step 389
[STAGE] before AdvanceAsync step 389
[DEBUG] before AdvanceAsync
[DEBUG] after AdvanceAsync
[STAGE] after AdvanceAsync step 389
[STAGE] before ReinitAsync step 389
[DEBUG] before ReinitAsync
[DEBUG] after ReinitAsync
[STAGE] after ReinitAsync step 389
[STAGE] before UpdateBoundary step 390
[DEBUG] before UpdateBoundary
[DEBUG] after UpdateBoundary
[STAGE] after UpdateBoundary step 390
[STAGE] before AddPlumeSourceAsync step 390
[DEBUG] plume params strength=0.08 radius_norm=0.08 swirl=0.02
[DEBUG] plume dims nx/ny/nz/count=64/64/64/262144
[DEBUG] plume radius/cx/cy/cz=5.12/32/9.6/32
[STAGE] after AddPlumeSourceAsync step 390
[STAGE] before AdvanceAsync step 390
[DEBUG] before AdvanceAsync
[DEBUG] after AdvanceAsync
[STAGE] after AdvanceAsync step 390
[STAGE] before ReinitAsync step 390
[DEBUG] before ReinitAsync
[DEBUG] after ReinitAsync
[STAGE] after ReinitAsync step 390
[STAGE] before UpdateBoundary step 391
[DEBUG] before UpdateBoundary
[DEBUG] after UpdateBoundary
[STAGE] after UpdateBoundary step 391
[STAGE] before AddPlumeSourceAsync step 391
[DEBUG] plume params strength=0.08 radius_norm=0.08 swirl=0.02
[DEBUG] plume dims nx/ny/nz/count=64/64/64/262144
[DEBUG] plume radius/cx/cy/cz=5.12/32/9.6/32
[STAGE] after AddPlumeSourceAsync step 391
[STAGE] before AdvanceAsync step 391
[DEBUG] before AdvanceAsync
[DEBUG] after AdvanceAsync
[STAGE] after AdvanceAsync step 391
[STAGE] before ReinitAsync step 391
[DEBUG] before ReinitAsync
[DEBUG] after ReinitAsync
[STAGE] after ReinitAsync step 391
[STAGE] before UpdateBoundary step 392
[DEBUG] before UpdateBoundary
[DEBUG] after UpdateBoundary
[STAGE] after UpdateBoundary step 392
[STAGE] before AddPlumeSourceAsync step 392
[DEBUG] plume params strength=0.08 radius_norm=0.08 swirl=0.02
[DEBUG] plume dims nx/ny/nz/count=64/64/64/262144
[DEBUG] plume radius/cx/cy/cz=5.12/32/9.6/32
[STAGE] after AddPlumeSourceAsync step 392
[STAGE] before AdvanceAsync step 392
[DEBUG] before AdvanceAsync
[DEBUG] after AdvanceAsync
[STAGE] after AdvanceAsync step 392
[STAGE] before ReinitAsync step 392
[DEBUG] before ReinitAsync
[DEBUG] after ReinitAsync
[STAGE] after ReinitAsync step 392
[STAGE] before UpdateBoundary step 393
[DEBUG] before UpdateBoundary
[DEBUG] after UpdateBoundary
[STAGE] after UpdateBoundary step 393
[STAGE] before AddPlumeSourceAsync step 393
[DEBUG] plume params strength=0.08 radius_norm=0.08 swirl=0.02
[DEBUG] plume dims nx/ny/nz/count=64/64/64/262144
[DEBUG] plume radius/cx/cy/cz=5.12/32/9.6/32
[STAGE] after AddPlumeSourceAsync step 393
[STAGE] before AdvanceAsync step 393
[DEBUG] before AdvanceAsync
[DEBUG] after AdvanceAsync
[STAGE] after AdvanceAsync step 393
[STAGE] before ReinitAsync step 393
[DEBUG] before ReinitAsync
[DEBUG] after ReinitAsync
[STAGE] after ReinitAsync step 393
[STAGE] before UpdateBoundary step 394
[DEBUG] before UpdateBoundary
[DEBUG] after UpdateBoundary
[STAGE] after UpdateBoundary step 394
[STAGE] before AddPlumeSourceAsync step 394
[DEBUG] plume params strength=0.08 radius_norm=0.08 swirl=0.02
[DEBUG] plume dims nx/ny/nz/count=64/64/64/262144
[DEBUG] plume radius/cx/cy/cz=5.12/32/9.6/32
[STAGE] after AddPlumeSourceAsync step 394
[STAGE] before AdvanceAsync step 394
[DEBUG] before AdvanceAsync
[DEBUG] after AdvanceAsync
[STAGE] after AdvanceAsync step 394
[STAGE] before ReinitAsync step 394
[DEBUG] before ReinitAsync
[DEBUG] after ReinitAsync
[STAGE] after ReinitAsync step 394
[STAGE] before UpdateBoundary step 395
[DEBUG] before UpdateBoundary
[DEBUG] after UpdateBoundary
[STAGE] after UpdateBoundary step 395
[STAGE] before AddPlumeSourceAsync step 395
[DEBUG] plume params strength=0.08 radius_norm=0.08 swirl=0.02
[DEBUG] plume dims nx/ny/nz/count=64/64/64/262144
[DEBUG] plume radius/cx/cy/cz=5.12/32/9.6/32
[STAGE] after AddPlumeSourceAsync step 395
[STAGE] before AdvanceAsync step 395
[DEBUG] before AdvanceAsync
[DEBUG] after AdvanceAsync
[STAGE] after AdvanceAsync step 395
[STAGE] before ReinitAsync step 395
[DEBUG] before ReinitAsync
[DEBUG] after ReinitAsync
[STAGE] after ReinitAsync step 395
[STAGE] before UpdateBoundary step 396
[DEBUG] before UpdateBoundary
[DEBUG] after UpdateBoundary
[STAGE] after UpdateBoundary step 396
[STAGE] before AddPlumeSourceAsync step 396
[DEBUG] plume params strength=0.08 radius_norm=0.08 swirl=0.02
[DEBUG] plume dims nx/ny/nz/count=64/64/64/262144
[DEBUG] plume radius/cx/cy/cz=5.12/32/9.6/32
[STAGE] after AddPlumeSourceAsync step 396
[STAGE] before AdvanceAsync step 396
[DEBUG] before AdvanceAsync
[DEBUG] after AdvanceAsync
[STAGE] after AdvanceAsync step 396
[STAGE] before ReinitAsync step 396
[DEBUG] before ReinitAsync
[DEBUG] after ReinitAsync
[STAGE] after ReinitAsync step 396
[STAGE] before UpdateBoundary step 397
[DEBUG] before UpdateBoundary
[DEBUG] after UpdateBoundary
[STAGE] after UpdateBoundary step 397
[STAGE] before AddPlumeSourceAsync step 397
[DEBUG] plume params strength=0.08 radius_norm=0.08 swirl=0.02
[DEBUG] plume dims nx/ny/nz/count=64/64/64/262144
[DEBUG] plume radius/cx/cy/cz=5.12/32/9.6/32
[STAGE] after AddPlumeSourceAsync step 397
[STAGE] before AdvanceAsync step 397
[DEBUG] before AdvanceAsync
[DEBUG] after AdvanceAsync
[STAGE] after AdvanceAsync step 397
[STAGE] before ReinitAsync step 397
[DEBUG] before ReinitAsync
[DEBUG] after ReinitAsync
[STAGE] after ReinitAsync step 397
[STAGE] before UpdateBoundary step 398
[DEBUG] before UpdateBoundary
[DEBUG] after UpdateBoundary
[STAGE] after UpdateBoundary step 398
[STAGE] before AddPlumeSourceAsync step 398
[DEBUG] plume params strength=0.08 radius_norm=0.08 swirl=0.02
[DEBUG] plume dims nx/ny/nz/count=64/64/64/262144
[DEBUG] plume radius/cx/cy/cz=5.12/32/9.6/32
[STAGE] after AddPlumeSourceAsync step 398
[STAGE] before AdvanceAsync step 398
[DEBUG] before AdvanceAsync
[DEBUG] after AdvanceAsync
[STAGE] after AdvanceAsync step 398
[STAGE] before ReinitAsync step 398
[DEBUG] before ReinitAsync
[DEBUG] after ReinitAsync
[STAGE] after ReinitAsync step 398
[STAGE] before UpdateBoundary step 399
[DEBUG] before UpdateBoundary
[DEBUG] after UpdateBoundary
[STAGE] after UpdateBoundary step 399
[STAGE] before AddPlumeSourceAsync step 399
[DEBUG] plume params strength=0.08 radius_norm=0.08 swirl=0.02
[DEBUG] plume dims nx/ny/nz/count=64/64/64/262144
[DEBUG] plume radius/cx/cy/cz=5.12/32/9.6/32
[STAGE] after AddPlumeSourceAsync step 399
[STAGE] before AdvanceAsync step 399
[DEBUG] before AdvanceAsync
[DEBUG] after AdvanceAsync
[STAGE] after AdvanceAsync step 399
[STAGE] before ReinitAsync step 399
[DEBUG] before ReinitAsync
[DEBUG] after ReinitAsync
[STAGE] after ReinitAsync step 399
[OFM Headless] Step 400 / 400
[STAGE] before final cudaStreamSynchronize
[DEBUG] before cudaStreamSynchronize
[DEBUG] after cudaStreamSynchronize
[STAGE] after final cudaStreamSynchronize
[OFM Headless] Finished.
[OFM Headless] total runtime: 1.81085 s
[OFM Headless] saved frames: 10
[OFM Headless] average seconds per step: 0.00452713 s
